Rank,Name,Weapon Type,Archetype,Overall %,Δ 2 Weeks
"1","Praxic Blade","Sword","Ranged Weapon","0.93%","∞%"
"2","Ergo Sum","Sword","Wave Sword Frame","0.74%","∞%"
"3","Mint Retrograde","Pulse Rifle","Micro-Missile Frame","0.72%","∞%"
"4","Positive Outlook","Auto Rifle","Precision Frame","0.58%","∞%"
"5","Qua Vinctus IV","Machine Gun","High-Impact Frame","0.56%","∞%"
"6","Mint Retrograde","Pulse Rifle","Micro-Missile Frame","0.56%","∞%"
"7","Yeartide Apex","Submachine Gun","Lightweight Frame","0.53%","∞%"
"8","Cynosure","Rocket Launcher","Adaptive Frame","0.52%","∞%"
"9","Felwinter's Lie","Shotgun","Shot Package","0.51%","∞%"
"10","Festival Flight","Grenade Launcher","Area Denial Frame","0.47%","∞%"
"11","The Slammer","Sword","Vortex Frame","0.46%","∞%"
"12","Refurbished A499","Sniper Rifle","Disruption Weapon [Shield-Piercing]","0.45%","∞%"
"13","Aurora Dawn","Sword","Wave Sword Frame","0.45%","∞%"
"14","M-17 ""Fast Talker""","Submachine Gun","Balanced Heat Weapon","0.44%","∞%"
"15","Hammerhead","Machine Gun","Adaptive Frame","0.44%","∞%"
"16","Service Revolver","Hand Cannon","Precision Frame","0.42%","∞%"
"17","The Ringing Nail","Auto Rifle","Precision Frame","0.42%","∞%"
"18","Bitter End","Machine Gun","Balanced Heat Weapon","0.39%","∞%"
"19","The Helmsman","Sniper Rifle","High-Impact Frame","0.37%","∞%"
"20","Uncivil Discourse","Hand Cannon","Dynamic Heat Weapon","0.37%","∞%"
"21","Nightshade","Pulse Rifle","Lightweight Frame","0.36%","∞%"
"22","Main Ingredient","Fusion Rifle","Precision Frame","0.36%","∞%"
"23","The Call","Sidearm","Micro-Missile Frame","0.36%","∞%"
"24","Convened Recurve","Combat Bow","High-Impact Longbow","0.36%","∞%"
"25","Sullen Claw","Sword","Lightweight Frame","0.35%","∞%"
"26","Zealous Ideal","Auto Rifle","Balanced Heat Weapon","0.35%","∞%"
"27","Joxer's Longsword","Pulse Rifle","Heavy Burst","0.34%","∞%"
"28","Motif-41","Grenade Launcher","Area Denial Frame","0.34%","∞%"
"29","Eighty-Six","Sword","Vortex Frame","0.34%","∞%"
"30","Roar of the Bear","Rocket Launcher","High-Impact Frame","0.34%","∞%"
"31","Compact Defender","Sidearm","Dynamic Heat Weapon","0.34%","∞%"
"32","Nameless Midnight","Scout Rifle","Precision Frame","0.33%","∞%"
"33","Reghusk's Pledge","Auto Rifle","Rapid-Fire Frame","0.33%","∞%"
"34","Ouster Engine","Grenade Launcher","Area Denial Frame","0.33%","∞%"
"35","Psi Aeterna IV","Pulse Rifle","Micro-Missile Frame","0.33%","∞%"
"36","Multimach CCX","Submachine Gun","Lightweight Frame","0.32%","∞%"
"37","A Good Shout","Combat Bow","High-Impact Frame","0.32%","∞%"
"38","Trendsetter","Auto Rifle","Adaptive Frame","0.32%","∞%"
"39","Prolonged Engagement","Submachine Gun","Lightweight Frame","0.31%","∞%"
"40","The Hothead","Rocket Launcher","Adaptive Frame","0.31%","∞%"
"41","Punching Out","Sidearm","Rapid-Fire Frame","0.31%","∞%"
"42","Perfect Paradox","Shotgun","Rapid-Fire Frame","0.30%","∞%"
"43","High Tyrant","Pulse Rifle","Balanced Heat Weapon","0.30%","∞%"
"44","Unending Tempest","Submachine Gun","Precision Frame","0.29%","∞%"
"45","Lethal Abundance","Auto Rifle","High-Impact Frame","0.29%","∞%"
"46","Lotus-Eater","Sidearm","Micro-Missile Frame","0.29%","∞%"
"47","Mistral Lift","Linear Fusion Rifle","Adaptive Burst","0.28%","∞%"
"48","Kindled Orchid","Hand Cannon","Adaptive Frame","0.28%","∞%"
"49","MIDA Mini-Tool","Submachine Gun","MIDA Synergy","0.27%","∞%"
"50","Crimil's Dagger","Hand Cannon","Aggressive Frame","0.27%","∞%"
"51","Inbound Surveillance","Scout Rifle","High-Impact Frame","0.27%","∞%"
"52","The Other Half","Sword","Adaptive Frame","0.27%","∞%"
"53","Randy's Throwing Knife","Scout Rifle","Rapid-Fire Frame","0.27%","∞%"
"54","Autumn Wind","Pulse Rifle","Rapid-Fire Frame","0.26%","∞%"
"55","Better Devils","Hand Cannon","Adaptive Frame","0.26%","∞%"
"56","No Hesitation","Auto Rifle","Support Frame","0.25%","∞%"
"57","Salvager's Salvo","Grenade Launcher","Lightweight Frame","0.25%","∞%"
"58","The Forward Path","Auto Rifle","Adaptive Frame","0.25%","∞%"
"59","Synanceia","Sword","Wave Sword Frame","0.25%","∞%"
"60","Unwavering Duty","Machine Gun","Adaptive Frame","0.25%","∞%"
"61","Evening SI4","Sidearm","Adaptive Burst","0.25%","∞%"
"62","The Palindrome","Hand Cannon","Adaptive Frame","0.25%","∞%"
"63","Conspiracy Honed","Sniper Rifle","Dynamic Heat Weapon","0.25%","∞%"
"64","Whatchamacallit","Submachine Gun","Aggressive Burst","0.25%","∞%"
"65","Voltaic Shade","Scout Rifle","Balanced Heat Weapon","0.25%","∞%"
"66","Chroma Rush","Auto Rifle","Rapid-Fire Frame","0.25%","∞%"
"67","DECATUR 02","Auto Rifle","Support Frame","0.25%","∞%"
"68","Horror's Least","Pulse Rifle","Rapid-Fire Frame","0.24%","∞%"
"69","Blast Furnace","Pulse Rifle","Aggressive Burst","0.24%","∞%"
"70","Apex Predator","Rocket Launcher","Adaptive Frame","0.24%","∞%"
"71","Chattering Bone","Pulse Rifle","Lightweight Frame","0.24%","∞%"
"72","Choir of One","Auto Rifle","Command Frame","0.24%","∞%"
"73","The Time-Worn Spire","Pulse Rifle","Rapid-Fire Frame","0.24%","∞%"
"74","Spare Rations","Hand Cannon","Lightweight Frame","0.24%","∞%"
"75","Gnawing Hunger","Auto Rifle","Adaptive Frame","0.24%","∞%"
"76","Modified B-7 Pistol","Hand Cannon","Dynamic Heat Weapon","0.23%","∞%"
"77","Gizmo Weft","Grenade Launcher","Micro-Missile Frame","0.23%","∞%"
"78","Outrageous Fortune","Grenade Launcher","Rapid-Fire Frame","0.23%","∞%"
"79","21% Delirium","Machine Gun","Rapid-Fire Frame","0.23%","∞%"
"80","DIABLERETS 06","Machine Gun","Rapid-Fire Frame","0.23%","∞%"
"81","Out of Bounds","Submachine Gun","Lightweight Frame","0.23%","∞%"
"82","The Martlet","Pulse Rifle","Lightweight Frame","0.23%","∞%"
"83","Eyasluna","Hand Cannon","Adaptive Frame","0.23%","∞%"
"84","Submersion","Combat Bow","High-Impact Frame","0.22%","∞%"
"85","Gunnora's Axe","Shotgun","Pinpoint Slug Frame","0.22%","∞%"
"86","Yeartide Apex","Submachine Gun","Lightweight Frame","0.22%","∞%"
"87","Hezen Vengeance","Rocket Launcher","Aggressive Frame","0.22%","∞%"
"88","Survivor's Epitaph","Hand Cannon","Precision Frame","0.22%","∞%"
"89","Commemoration","Machine Gun","Adaptive Frame","0.22%","∞%"
"90","Hawthorne's Field-Forged Shotgun","Shotgun","Lightweight Frame","0.21%","∞%"
"91","Oxygen SR3","Scout Rifle","Precision Frame","0.21%","∞%"
"92","Unfall","Sidearm","Together Forever","0.21%","∞%"
"93","Half-Truths","Sword","Adaptive Frame","0.21%","∞%"
"94","Hawkmoon","Hand Cannon","Paracausal Shot","0.21%","∞%"
"95","Sorrow's Verse","Auto Rifle","Adaptive Frame","0.21%","∞%"
"96","Outbreak Perfected","Pulse Rifle","The Corruption Spreads","0.21%","∞%"
"97","Giver's Blessing","Auto Rifle","Rapid-Fire Frame","0.21%","∞%"
"98","IRONWOOD 03","Hand Cannon","Spread Shot","0.20%","∞%"
"99","BxR-55 Battler","Pulse Rifle","Legacy PR-55 Frame","0.20%","∞%"
"100","Seventh Seraph SAW","Machine Gun","High-Impact Frame","0.20%","∞%"
"101","Gridskipper","Pulse Rifle","Rapid-Fire Frame","0.20%","∞%"
"102","DEADHORSE 04","Submachine Gun","Adaptive Frame","0.20%","∞%"
"103","Scatter Signal","Fusion Rifle","Rapid-Fire Frame","0.20%","∞%"
"104","Infinite Paths 8","Pulse Rifle","Lightweight Frame","0.20%","∞%"
"105","Lost Signal","Grenade Launcher","Area Denial Frame","0.20%","∞%"
"106","Pro Memoria","Machine Gun","Aggressive Frame","0.20%","∞%"
"107","Null Composure","Fusion Rifle","Rapid-Fire Frame","0.20%","∞%"
"108","Fimbulwinter Stitch","Sidearm","Precision Frame","0.20%","∞%"
"109","Haliaetus","Rocket Launcher","High-Impact Frame","0.19%","∞%"
"110","D.F.A.","Hand Cannon","Adaptive Frame","0.19%","∞%"
"111","Theodolite","Grenade Launcher","Micro-Missile Frame","0.19%","∞%"
"112","Returned Memory","Sidearm","Micro-Missile Frame","0.19%","∞%"
"113","Lionfish-4fr","Fusion Rifle","Rapid-Fire Frame","0.19%","∞%"
"114","Duty Bound","Auto Rifle","Adaptive Frame","0.19%","∞%"
"115","All or Nothing","Pulse Rifle","Dynamic Heat Weapon","0.19%","∞%"
"116","Sarpedon-D","Hand Cannon","Spread Shot","0.19%","∞%"
"117","Chain of Command","Machine Gun","Adaptive Frame","0.19%","∞%"
"118","The Slammer (Adept)","Sword","Vortex Frame","0.18%","∞%"
"119","Seventh Seraph Carbine","Auto Rifle","Precision Frame","0.18%","∞%"
"120","The Keening","Sidearm","Adaptive Frame","0.18%","∞%"
"121","Cataphract GL3","Grenade Launcher","Adaptive Frame","0.18%","∞%"
"122","Osteo Striga","Submachine Gun","Screaming Swarm","0.18%","∞%"
"123","Ahab Char","Auto Rifle","Rapid-Fire Frame","0.18%","∞%"
"124","Permafrost","Grenade Launcher","Wave Frame","0.18%","∞%"
"125","Steelfeather Repeater","Auto Rifle","Rapid-Fire Frame","0.18%","∞%"
"126","Dawn Far Off","Machine Gun","Aggressive Frame","0.18%","∞%"
"127","Adored","Sniper Rifle","Adaptive Frame","0.18%","∞%"
"128","Festival Flight","Grenade Launcher","Area Denial Frame","0.18%","∞%"
"129","Phoneutria Fera","Hand Cannon","Spread Shot","0.17%","∞%"
"130","Rufus's Fury","Auto Rifle","Rapid-Fire Frame","0.17%","∞%"
"131","Keraunios","Trace Rifle","Adaptive Frame","0.17%","∞%"
"132","Bygones","Pulse Rifle","Adaptive Frame","0.17%","∞%"
"133","Triple Laureate","Hand Cannon","Spread Shot","0.17%","∞%"
"134","Monody-44","Fusion Rifle","High-Impact Frame","0.17%","∞%"
"135","Aberrant Action","Sidearm","Micro-Missile Frame","0.17%","∞%"
"136","Psychopomp","Grenade Launcher","Area Denial Frame","0.17%","∞%"
"137","Corundum Hammer","Hand Cannon","Adaptive Frame","0.17%","∞%"
"138","Crux Termination IV","Rocket Launcher","Aggressive Frame","0.17%","∞%"
"139","Frozen Orbit","Sniper Rifle","Aggressive Frame","0.17%","∞%"
"140","Threat Level","Shotgun","Rapid-Fire Frame","0.17%","∞%"
"141","IKELOS_SMG_v1.0.3","Submachine Gun","Aggressive Frame","0.16%","∞%"
"142","Psi Aeterna IV","Pulse Rifle","Micro-Missile Frame","0.16%","∞%"
"143","Refurbished A499","Sniper Rifle","Disruption Weapon [Shield-Piercing]","0.16%","∞%"
"144","Boomslang-4fr","Linear Fusion Rifle","Adaptive Burst","0.16%","∞%"
"145","Qua Vinctus IV","Machine Gun","High-Impact Frame","0.16%","∞%"
"146","Mint Retrograde","Pulse Rifle","Micro-Missile Frame","0.16%","∞%"
"147","Temptation's Hook","Sword","Caster Frame","0.16%","∞%"
"148","The Wizened Rebuke","Fusion Rifle","High-Impact Frame","0.16%","∞%"
"149","Tinasha's Mastery","Sidearm","Micro-Missile Frame","0.16%","∞%"
"150","Igneous Hammer","Hand Cannon","Aggressive Frame","0.16%","∞%"
"151","Edge Transit","Grenade Launcher","Adaptive Frame","0.16%","∞%"
"152","Something Something","Sniper Rifle","Aggressive Frame","0.15%","∞%"
"153","Ulterior Observation","Machine Gun","Aggressive Frame","0.15%","∞%"
"154","Peculiar Charm","Submachine Gun","Aggressive Burst","0.15%","∞%"
"155","Bellowing Giant","Rocket Launcher","Adaptive Frame","0.15%","∞%"
"156","The Beacon","Fusion Rifle","Rapid-Fire Frame","0.15%","∞%"
"157","Snipehunt Mk. 47","Auto Rifle","Lightweight Frame","0.15%","∞%"
"158","The Immortal","Submachine Gun","Aggressive Frame","0.15%","∞%"
"159","No Feelings","Scout Rifle","Precision Frame","0.15%","∞%"
"160","Taipan-4fr","Linear Fusion Rifle","Precision Frame","0.15%","∞%"
"161","Red Tape","Scout Rifle","Lightweight Frame","0.15%","∞%"
"162","Trust","Hand Cannon","Precision Frame","0.15%","∞%"
"163","Alone as a god","Sniper Rifle","Rapid-Fire Frame","0.15%","∞%"
"164","Seventh Seraph VY-7","Submachine Gun","Precision Frame","0.15%","∞%"
"165","Retrofit Escapade","Machine Gun","Rapid-Fire Frame","0.15%","∞%"
"166","TAHOMA 01","Fusion Rifle","Aggressive Frame","0.14%","∞%"
"167","Riptide","Fusion Rifle","Rapid-Fire Frame","0.14%","∞%"
"168","Gunburn","Submachine Gun","Lightweight Frame","0.14%","∞%"
"169","Drang","Sidearm","Together Forever","0.14%","∞%"
"170","Antedate","Submachine Gun","Adaptive Frame","0.14%","∞%"
"171","MIDA Macro-Tool","Shotgun","MIDA Synergy","0.14%","∞%"
"172","Ammit AR2","Auto Rifle","Precision Frame","0.14%","∞%"
"173","Zaouli's Bane","Hand Cannon","Adaptive Frame","0.14%","∞%"
"174","Qua Nilus II","Submachine Gun","Adaptive Frame","0.14%","∞%"
"175","Hammerhead","Machine Gun","Adaptive Frame","0.14%","∞%"
"176","Seventh Seraph Officer Revolver","Hand Cannon","Precision Frame","0.14%","∞%"
"177","Mos Athanor IV","Hand Cannon","Aggressive Frame","0.14%","∞%"
"178","CALUS Mini-Tool","Submachine Gun","MIDA Synergy","0.14%","∞%"
"179","Liturgy","Grenade Launcher","Double Fire","0.14%","∞%"
"180","Matador 64","Shotgun","Precision Frame","0.14%","∞%"
"181","Eyes Unveiled","Linear Fusion Rifle","Precision Frame","0.13%","∞%"
"182","Death Adder","Submachine Gun","Lightweight Frame","0.13%","∞%"
"183","Point of the Stag","Combat Bow","Precision Frame","0.13%","∞%"
"184","Agape","Hand Cannon","Heavy Burst","0.13%","∞%"
"185","ALLEN 05","Sniper Rifle","Adaptive Frame","0.13%","∞%"
"186","The Mountaintop","Grenade Launcher","Micro-Missile Frame","0.13%","∞%"
"187","Cataclysmic","Linear Fusion Rifle","Precision Frame","0.13%","∞%"
"188","Stryker's Sure-Hand","Sword","Aggressive Frame","0.13%","∞%"
"189","Fractethyst","Shotgun","Precision Frame","0.13%","∞%"
"190","Brass Attacks","Sidearm","Heavy Burst","0.13%","∞%"
"191","Falling Guillotine","Sword","Vortex Frame","0.13%","∞%"
"192","Hammerhead","Machine Gun","Adaptive Frame","0.13%","∞%"
"193","Heritage","Shotgun","Pinpoint Slug Frame","0.13%","∞%"
"194","Unsworn","Trace Rifle","Adaptive Frame","0.13%","∞%"
"195","Indebted Kindness","Sidearm","Micro-Missile Frame","0.13%","∞%"
"196","Last Thursday","Pulse Rifle","Adaptive Frame","0.13%","∞%"
"197","Temporal Clause","Machine Gun","Aggressive Frame","0.13%","∞%"
"198","The Summoner","Auto Rifle","Adaptive Frame","0.13%","∞%"
"199","Heliocentric QSc","Sidearm","Lightweight Frame","0.13%","∞%"
"200","Rose","Hand Cannon","Lightweight Frame","0.13%","∞%"
"201","Corrective Measure","Machine Gun","Aggressive Frame","0.13%","∞%"
"202","Palmyra-B","Rocket Launcher","Precision Frame","0.13%","∞%"
"203","Seventh Seraph CQC-12","Shotgun","Lightweight Frame","0.13%","∞%"
"204","Falling Guillotine","Sword","Vortex Frame","0.12%","∞%"
"205","Pressurized Precision","Fusion Rifle","Adaptive Frame","0.12%","∞%"
"206","Solemn Remembrance","Hand Cannon","Precision Frame","0.12%","∞%"
"207","Bane of Sorrow","Machine Gun","High-Impact Frame","0.12%","∞%"
"208","The Ringing Nail","Auto Rifle","Precision Frame","0.12%","∞%"
"209","Ascendancy","Rocket Launcher","Precision Frame","0.12%","∞%"
"210","Occluded Finality","Sniper Rifle","Aggressive Frame","0.12%","∞%"
"211","Veillantif-D","Pulse Rifle","Micro-Missile Frame","0.12%","∞%"
"212","Wastelander M5","Shotgun","Lightweight Frame","0.12%","∞%"
"213","Stars in Shadow","Pulse Rifle","High-Impact Frame","0.12%","∞%"
"214","Terciopelo-4bl","Sword","Lightweight Frame","0.12%","∞%"
"215","Gnawing Hunger","Auto Rifle","Adaptive Frame","0.12%","∞%"
"216","Submission","Submachine Gun","Lightweight Frame","0.12%","∞%"
"217","Everburning Glitz","Auto Rifle","Rapid-Fire Frame","0.12%","∞%"
"218","Dimensional Hypotrochoid","Grenade Launcher","Compressed Wave Frame","0.12%","∞%"
"219","Fortunate Star","Combat Bow","Lightweight Frame","0.12%","∞%"
"220","M-17 ""Fast Talker""","Submachine Gun","Balanced Heat Weapon","0.12%","∞%"
"221","The Recluse","Submachine Gun","Lightweight Frame","0.12%","∞%"
"222","The Supremacy","Sniper Rifle","Rapid-Fire Frame","0.12%","∞%"
"223","Funnelweb","Submachine Gun","Lightweight Frame","0.12%","∞%"
"224","Watchful Eye","Machine Gun","Aggressive Frame","0.12%","∞%"
"225","Marcato-45","Machine Gun","Adaptive Frame","0.11%","∞%"
"226","King Orfeo","Combat Bow","Precision Frame","0.11%","∞%"
"227","Precipial","Shotgun","Precision Frame","0.11%","∞%"
"228","The Heron","Glaive","Aggressive Glaive","0.11%","∞%"
"229","Pluperfect","Auto Rifle","High-Impact Frame","0.11%","∞%"
"230","Slayer's Fang","Shotgun","Nightsworn Sight","0.11%","∞%"
"231","Darkest Before","Pulse Rifle","Rapid-Fire Frame","0.11%","∞%"
"232","VS Velocity Baton","Grenade Launcher","Area Denial Frame","0.11%","∞%"
"233","Fair Judgment","Auto Rifle","Precision Frame","0.11%","∞%"
"234","Ribbontail","Trace Rifle","Adaptive Frame","0.11%","∞%"
"235","Trachinus","Shotgun","Rapid Fire Slug","0.11%","∞%"
"236","Doomsday","Grenade Launcher","Adaptive Frame","0.11%","∞%"
"237","Terminus Horizon","Machine Gun","High-Impact Frame","0.11%","∞%"
"238","The Inquisitor","Shotgun","Pinpoint Slug Frame","0.11%","∞%"
"239","Wolfsbane","Sword","Resurgence Directive","0.11%","∞%"
"240","Nox Sidereal IV","Fusion Rifle","Aggressive Frame","0.11%","∞%"
"241","Aisha's Embrace","Scout Rifle","Rapid-Fire Frame","0.11%","∞%"
"242","Sublimation","Scout Rifle","High-Impact Frame","0.11%","∞%"
"243","Vulpecula","Hand Cannon","Precision Frame","0.11%","∞%"
"244","Rose","Hand Cannon","Lightweight Frame","0.11%","∞%"
"245","Perfect Pitch","Submachine Gun","Precision Frame","0.11%","∞%"
"246","Chrysura Melo","Auto Rifle","Support Frame","0.11%","∞%"
"247","Romantic Death","Grenade Launcher","Wave Frame","0.11%","∞%"
"248","Arcane Embrace","Shotgun","Heavy Burst","0.11%","∞%"
"249","Found Verdict","Shotgun","Aggressive Frame","0.11%","∞%"
"250","Prosecutor","Auto Rifle","Precision Frame","0.11%","∞%"
"251","Faustus Decline","Sidearm","Lightweight Frame","0.11%","∞%"
"252","Jurisprudent","Scout Rifle","High-Impact Frame","0.11%","∞%"
"253","VS Pyroelectric Propellant","Auto Rifle","Adaptive Frame","0.10%","∞%"
"254","Nox Perennial V","Fusion Rifle","High-Impact Frame","0.10%","∞%"
"255","Barrow-Dyad","Submachine Gun","Panic Response","0.10%","∞%"
"256","Last Rite","Scout Rifle","Aggressive Frame","0.10%","∞%"
"257","Uncivil Discourse","Hand Cannon","Dynamic Heat Weapon","0.10%","∞%"
"258","The Enigma","Glaive","Adaptive Glaive","0.10%","∞%"
"259","Tempered Dynamo","Fusion Rifle","Aggressive Frame","0.10%","∞%"
"260","Shayura's Wrath","Submachine Gun","Precision Frame","0.10%","∞%"
"261","Suspectum-4fr","Linear Fusion Rifle","Precision Frame","0.10%","∞%"
"262","The Messenger","Pulse Rifle","High-Impact Frame","0.10%","∞%"
"263","VS Chill Inhibitor","Grenade Launcher","Rapid-Fire Frame","0.10%","∞%"
"264","Pure Recollection","Shotgun","Heavy Burst","0.10%","∞%"
"265","Aureus Neutralizer","Hand Cannon","Spread Shot","0.10%","∞%"
"266","High Albedo","Sidearm","Micro-Missile Frame","0.10%","∞%"
"267","Forbearance","Grenade Launcher","Wave Frame","0.10%","∞%"
"268","Midnight Coup","Hand Cannon","Adaptive Frame","0.10%","∞%"
"269","Someday","Shotgun","Precision Frame","0.10%","∞%"
"270","Ouster Engine","Grenade Launcher","Area Denial Frame","0.10%","∞%"
"271","Scathelocke","Auto Rifle","Adaptive Frame","0.10%","∞%"
"272","Whisper of the Worm","Sniper Rifle","White Nail","0.10%","∞%"
"273","Luna's Howl","Hand Cannon","Precision Frame","0.10%","∞%"
"274","Reckless Oracle","Auto Rifle","Rapid-Fire Frame","0.10%","∞%"
"275","Adjudicator","Submachine Gun","Precision Frame","0.10%","∞%"
"276","Pre Astyanax IV","Combat Bow","Precision Frame","0.10%","∞%"
"277","Crowning Duologue","Rocket Launcher","Precision Frame","0.10%","∞%"
"278","Seventh Seraph SI-2","Sidearm","Lightweight Frame","0.10%","∞%"
"279","Riptide","Fusion Rifle","Rapid-Fire Frame","0.10%","∞%"
"280","VS Velocity Baton","Grenade Launcher","Area Denial Frame","0.10%","∞%"
"281","The Spiteful Fang","Combat Bow","Lightweight Frame","0.10%","∞%"
"282","Ros Arago IV","Auto Rifle","Adaptive Frame","0.10%","∞%"
"283","Doom of Chelchis","Scout Rifle","Precision Frame","0.10%","∞%"
"284","Astral Horizon","Shotgun","Aggressive Frame","0.10%","∞%"
"285","Indebted Kindness","Sidearm","Micro-Missile Frame","0.10%","∞%"
"286","Compass Rose","Shotgun","Precision Frame","0.10%","∞%"
"287","Pyroclastic Flow","Rocket Launcher","Precision Frame","0.10%","∞%"
"288","Refusal of the Call","Glaive","Adaptive Glaive","0.10%","∞%"
"289","Fatebringer","Hand Cannon","Adaptive Frame","0.10%","∞%"
"290","Bug-Out Bag","Submachine Gun","Adaptive Frame","0.10%","∞%"
"291","Folded Root","Rocket Launcher","Aggressive Frame","0.10%","∞%"
"292","Auric Disabler","Auto Rifle","Precision Frame","0.10%","∞%"
"293","Scintillation (Adept)","Linear Fusion Rifle","Adaptive Burst","0.10%","∞%"
"294","Micromort","Rocket Launcher","Precision Frame","0.10%","∞%"
"295","Briar's Contempt","Linear Fusion Rifle","Adaptive Burst","0.10%","∞%"
"296","Succession","Sniper Rifle","Aggressive Frame","0.09%","∞%"
"297","Canis Major","Grenade Launcher","Rapid-Fire Frame","0.09%","∞%"
"298","Tomorrow's Answer","Rocket Launcher","High-Impact Frame","0.09%","∞%"
"299","Mercury-A","Combat Bow","High-Impact Longbow","0.09%","∞%"
"300","Arctic Haze","Auto Rifle","Rapid-Fire Frame","0.09%","∞%"
"301","Chivalric Fire","Sword","Caster Frame","0.09%","∞%"
"302","Unforgiven","Submachine Gun","Aggressive Frame","0.09%","∞%"
"303","Forgiveness","Sidearm","Heavy Burst","0.09%","∞%"
"304","Acasia's Dejection","Trace Rifle","Adaptive Frame","0.09%","∞%"
"305","Ecliptic Distaff","Glaive","Adaptive Glaive","0.09%","∞%"
"306","Psychopomp","Grenade Launcher","Area Denial Frame","0.09%","∞%"
"307","Zaouli's Bane","Hand Cannon","Adaptive Frame","0.09%","∞%"
"308","Epochal Integration","Hand Cannon","Adaptive Frame","0.09%","∞%"
"309","Shoreline Dissident","Sniper Rifle","Rapid-Fire Frame","0.09%","∞%"
"310","Heliocentric QSc","Sidearm","Lightweight Frame","0.09%","∞%"
"311","Retraced Path","Trace Rifle","Adaptive Frame","0.09%","∞%"
"312","Riptide","Fusion Rifle","Rapid-Fire Frame","0.09%","∞%"
"313","Mistral Lift","Linear Fusion Rifle","Adaptive Burst","0.09%","∞%"
"314","Austringer","Hand Cannon","Adaptive Frame","0.09%","∞%"
"315","Adamantite","Auto Rifle","Support Frame","0.09%","∞%"
"316","Tatara Gaze","Sniper Rifle","Aggressive Frame","0.09%","∞%"
"317","Action Item","Trace Rifle","Adaptive Frame","0.09%","∞%"
"318","The Recluse","Submachine Gun","Lightweight Frame","0.09%","∞%"
"319","Prolonged Engagement","Submachine Gun","Lightweight Frame","0.09%","∞%"
"320","Cartesian Coordinate","Fusion Rifle","Rapid-Fire Frame","0.09%","∞%"
"321","Deliverance","Fusion Rifle","Precision Frame","0.09%","∞%"
"322","Elsie's Rifle","Pulse Rifle","High-Impact Frame","0.09%","∞%"
"323","Burden of Guilt","Fusion Rifle","Adaptive Frame","0.09%","∞%"
"324","Hushed Whisper","Combat Bow","Precision Frame","0.09%","∞%"
"325","Song of Ir Yût","Machine Gun","Adaptive Frame","0.09%","∞%"
"326","IKELOS_SG_v1.0.3","Shotgun","Rapid-Fire Frame","0.09%","∞%"
"327","The Mountaintop","Grenade Launcher","Micro-Missile Frame","0.09%","∞%"
"328","Prolonged Engagement","Submachine Gun","Lightweight Frame","0.09%","∞%"
"329","Abyss Defiant","Auto Rifle","High-Impact Frame","0.09%","∞%"
"330","Seraphine Haze","Submachine Gun","Aggressive Frame","0.09%","∞%"
"331","Python","Shotgun","Aggressive Frame","0.09%","∞%"
"332","Doomed Petitioner","Linear Fusion Rifle","Adaptive Burst","0.09%","∞%"
"333","The Summoner","Auto Rifle","Adaptive Frame","0.09%","∞%"
"334","Hullabaloo","Grenade Launcher","Compressed Wave Frame","0.09%","∞%"
"335","Rapid Growth","Sniper Rifle","Rapid-Fire Frame","0.09%","∞%"
"336","Mos Athanor IV","Hand Cannon","Aggressive Frame","0.09%","∞%"
"337","Compact Defender","Sidearm","Dynamic Heat Weapon","0.09%","∞%"
"338","Punching Out","Sidearm","Rapid-Fire Frame","0.09%","∞%"
"339","Vikala SMG4","Submachine Gun","Balanced Heat Weapon","0.09%","∞%"
"340","Qua Furor V","Machine Gun","Aggressive Frame","0.08%","∞%"
"341","Eye of Sol","Sniper Rifle","Adaptive Frame","0.08%","∞%"
"342","Finite Impactor","Hand Cannon","Adaptive Frame","0.08%","∞%"
"343","Falling Guillotine","Sword","Vortex Frame","0.08%","∞%"
"344","Revision Zero","Pulse Rifle","Hunter's Trace","0.08%","∞%"
"345","Age-Old Bond","Auto Rifle","High-Impact Frame","0.08%","∞%"
"346","Unloved","Hand Cannon","Heavy Burst","0.08%","∞%"
"347","Cry Mutiny","Grenade Launcher","Adaptive Frame","0.08%","∞%"
"348","Opaque Hourglass","Combat Bow","High-Impact Frame","0.08%","∞%"
"349","Thermal Erosion","Machine Gun","Rapid-Fire Frame","0.08%","∞%"
"350","Stormchaser","Linear Fusion Rifle","Adaptive Burst","0.08%","∞%"
"351","Relentless","Pulse Rifle","High-Impact Frame","0.08%","∞%"
"352","Praedyth's Revenge","Sniper Rifle","Rapid-Fire Frame","0.08%","∞%"
"353","Nation of Beasts","Hand Cannon","Adaptive Frame","0.08%","∞%"
"354","Midnight Coup","Hand Cannon","Adaptive Frame","0.08%","∞%"
"355","A Sudden Death","Shotgun","Aggressive Frame","0.08%","∞%"
"356","Adamantite","Auto Rifle","Support Frame","0.08%","∞%"
"357","Willful Hamartia","Linear Fusion Rifle","Adaptive Burst","0.08%","∞%"
"358","Martyr's Retribution","Grenade Launcher","Wave Frame","0.08%","∞%"
"359","Crimil's Dagger","Hand Cannon","Aggressive Frame","0.08%","∞%"
"360","Wilderflight","Grenade Launcher","Double Fire","0.08%","∞%"
"361","Something Something","Sniper Rifle","Aggressive Frame","0.08%","∞%"
"362","Hung Jury SR4","Scout Rifle","Precision Frame","0.08%","∞%"
"363","Tusk of the Boar","Grenade Launcher","Wave Frame","0.08%","∞%"
"364","Vision of Confluence","Scout Rifle","Precision Frame","0.08%","∞%"
"365","Something New","Hand Cannon","Aggressive Frame","0.08%","∞%"
"366","Forced Memorializer","Scout Rifle","Precision Frame","0.08%","∞%"
"367","Modified B-7 Pistol","Hand Cannon","Dynamic Heat Weapon","0.08%","∞%"
"368","Typhon GL5","Grenade Launcher","Adaptive Frame","0.08%","∞%"
"369","Dawn Far Off","Machine Gun","Aggressive Frame","0.08%","∞%"
"370","Eyasluna","Hand Cannon","Adaptive Frame","0.08%","∞%"
"371","Accelerando-42","Fusion Rifle","Precision Frame","0.08%","∞%"
"372","Bad Omens","Rocket Launcher","Aggressive Frame","0.08%","∞%"
"373","Bold Endings","Hand Cannon","Heavy Burst","0.08%","∞%"
"374","Pardon Our Dust","Grenade Launcher","Lightweight Frame","0.08%","∞%"
"375","Fixed Odds","Machine Gun","High-Impact Frame","0.08%","∞%"
"376","Trustee","Scout Rifle","Rapid-Fire Frame","0.08%","∞%"
"377","Lotus-Eater (Adept)","Sidearm","Micro-Missile Frame","0.08%","∞%"
"378","Krait","Auto Rifle","Rapid-Fire Frame","0.08%","∞%"
"379","Reckless Oracle","Auto Rifle","Rapid-Fire Frame","0.08%","∞%"
"380","Dead Messenger","Grenade Launcher","Trinary Vision","0.08%","∞%"
"381","Hezen Vengeance (Timelost)","Rocket Launcher","Aggressive Frame","0.08%","∞%"
"382","Breachlight","Sidearm","Heavy Burst","0.08%","∞%"
"383","Word of Crota","Hand Cannon","Precision Frame","0.08%","∞%"
"384","Judgment","Hand Cannon","Adaptive Frame","0.08%","∞%"
"385","Edge Transit","Grenade Launcher","Adaptive Frame","0.08%","∞%"
"386","Beloved","Sniper Rifle","Adaptive Frame","0.08%","∞%"
"387","Veles-X","Pulse Rifle","Aggressive Burst","0.08%","∞%"
"388","Fimbulwinter Stitch","Sidearm","Precision Frame","0.08%","∞%"
"389","Matador 64","Shotgun","Precision Frame","0.08%","∞%"
"390","Speleologist","Machine Gun","Rapid-Fire Frame","0.08%","∞%"
"391","Unsworn","Trace Rifle","Adaptive Frame","0.08%","∞%"
"392","Fatebringer (Timelost)","Hand Cannon","Adaptive Frame","0.08%","∞%"
"393","The Slammer","Sword","Vortex Frame","0.08%","∞%"
"394","Imperial Decree","Shotgun","Aggressive Frame","0.07%","∞%"
"395","Luna's Howl","Hand Cannon","Precision Frame","0.07%","∞%"
"396","Whatchamacallit","Submachine Gun","Aggressive Burst","0.07%","∞%"
"397","Tarnation","Grenade Launcher","Rapid-Fire Frame","0.07%","∞%"
"398","Permafrost","Grenade Launcher","Wave Frame","0.07%","∞%"
"399","1000 Yard Stare","Sniper Rifle","Adaptive Frame","0.07%","∞%"
"400","All or Nothing","Pulse Rifle","Dynamic Heat Weapon","0.07%","∞%"
"401","Line in the Sand","Linear Fusion Rifle","Precision Frame","0.07%","∞%"
"402","Arc Logic","Auto Rifle","Adaptive Frame","0.07%","∞%"
"403","Unworthy","Scout Rifle","Rapid-Fire Frame","0.07%","∞%"
"404","Bitter/Sweet","Grenade Launcher","Adaptive Frame","0.07%","∞%"
"405","Convened Recurve","Combat Bow","High-Impact Longbow","0.07%","∞%"
"406","Blast Furnace","Pulse Rifle","Aggressive Burst","0.07%","∞%"
"407","Old Sterling","Auto Rifle","Adaptive Frame","0.07%","∞%"
"408","Regnant","Grenade Launcher","Adaptive Frame","0.07%","∞%"
"409","Liminal Vigil","Sidearm","Heavy Burst","0.07%","∞%"
"410","Stormchaser","Linear Fusion Rifle","Adaptive Burst","0.07%","∞%"
"411","Fatebringer (Timelost)","Hand Cannon","Adaptive Frame","0.07%","∞%"
"412","Dead Man's Tale","Scout Rifle","Cranial Spike","0.07%","∞%"
"413","The Palindrome (Adept)","Hand Cannon","Adaptive Frame","0.07%","∞%"
"414","Cartesian Coordinate","Fusion Rifle","Rapid-Fire Frame","0.07%","∞%"
"415","Perfect Paradox","Shotgun","Rapid-Fire Frame","0.07%","∞%"
"416","Finite Maybe","Fusion Rifle","Aggressive Frame","0.07%","∞%"
"417","Phyllotactic Spiral","Pulse Rifle","High-Impact Frame","0.07%","∞%"
"418","Sola's Scar","Sword","Caster Frame","0.07%","∞%"
"419","VS Pyroelectric Propellant","Auto Rifle","Adaptive Frame","0.07%","∞%"
"420","Ragnhild-D","Shotgun","Aggressive Frame","0.07%","∞%"
"421","Trophy Hunter","Sniper Rifle","Aggressive Frame","0.07%","∞%"
"422","Long Arm","Scout Rifle","Aggressive Frame","0.07%","∞%"
"423","Timeworn Wayfarer","Scout Rifle","Aggressive Frame","0.07%","∞%"
"424","Perpetualis","Auto Rifle","Adaptive Frame","0.07%","∞%"
"425","Swordbreaker","Shotgun","Lightweight Frame","0.07%","∞%"
"426","Sightline Survey","Hand Cannon","Precision Frame","0.07%","∞%"
"427","Unending Tempest","Submachine Gun","Precision Frame","0.07%","∞%"
"428","Hush","Combat Bow","Precision Frame","0.07%","∞%"
"429","Claws of the Wolf","Pulse Rifle","Rapid-Fire Frame","0.07%","∞%"
"430","Bequest","Sword","Adaptive Frame","0.07%","∞%"
"431","Last Man Standing","Shotgun","Aggressive Frame","0.07%","∞%"
"432","Kindled Orchid","Hand Cannon","Adaptive Frame","0.07%","∞%"
"433","Parabellum","Submachine Gun","Adaptive Frame","0.07%","∞%"
"434","Edge Transit","Grenade Launcher","Adaptive Frame","0.07%","∞%"
"435","Seventh Seraph CQC-12","Shotgun","Lightweight Frame","0.07%","∞%"
"436","Aisha's Care","Pulse Rifle","Heavy Burst","0.07%","∞%"
"437","Syncopation-53","Pulse Rifle","Adaptive Frame","0.07%","∞%"
"438","Graviton Spike","Hand Cannon","Temporal Manipulation","0.07%","∞%"
"439","Dead Man's Tale","Scout Rifle","Cranial Spike","0.07%","∞%"
"440","Drang (Baroque)","Sidearm","Together Forever","0.07%","∞%"
"441","The Riposte","Auto Rifle","Lightweight Frame","0.07%","∞%"
"442","Tarnished Mettle","Scout Rifle","Lightweight Frame","0.07%","∞%"
"443","The Hothead","Rocket Launcher","Adaptive Frame","0.07%","∞%"
"444","Reed's Regret","Linear Fusion Rifle","Precision Frame","0.07%","∞%"
"445","Corrective Measure","Machine Gun","Adaptive Frame","0.07%","∞%"
"446","Joxer's Longsword","Pulse Rifle","Heavy Burst","0.07%","∞%"
"447","The Hothead (Adept)","Rocket Launcher","Adaptive Frame","0.07%","∞%"
"448","Solemn Lie","Hand Cannon","Lightweight Frame","0.07%","∞%"
"449","Reckless Endangerment","Shotgun","Lightweight Frame","0.07%","∞%"
"450","Cold Comfort","Rocket Launcher","Aggressive Frame","0.07%","∞%"
"451","The When and Where","Rocket Launcher","Adaptive Frame","0.07%","∞%"
"452","Malediction","Hand Cannon","Aggressive Frame","0.07%","∞%"
"453","Dragoncult Sickle","Sword","Caster Frame","0.07%","∞%"
"454","First In, Last Out","Shotgun","Pinpoint Slug Frame","0.06%","∞%"
"455","Bump in the Night","Rocket Launcher","Aggressive Frame","0.06%","∞%"
"456","Nasreddin","Sword","Lightweight Frame","0.06%","∞%"
"457","Multimach CCX","Submachine Gun","Lightweight Frame","0.06%","∞%"
"458","Defiance of Yasmin","Sniper Rifle","Adaptive Frame","0.06%","∞%"
"459","Exalted Truth","Hand Cannon","Adaptive Frame","0.06%","∞%"
"460","Wish-Keeper","Combat Bow","Snareweaver","0.06%","∞%"
"461","Koraxis's Distress","Grenade Launcher","Rapid-Fire Frame","0.06%","∞%"
"462","Randy's Throwing Knife","Scout Rifle","Rapid-Fire Frame","0.06%","∞%"
"463","A Fine Memorial","Machine Gun","Adaptive Frame","0.06%","∞%"
"464","Taraxippos","Scout Rifle","Lightweight Frame","0.06%","∞%"
"465","VS Chill Inhibitor","Grenade Launcher","Rapid-Fire Frame","0.06%","∞%"
"466","Red Herring","Rocket Launcher","Adaptive Frame","0.06%","∞%"
"467","Iterative Loop","Fusion Rifle","Rapid-Fire Frame","0.06%","∞%"
"468","Warden's Law (Adept)","Hand Cannon","Heavy Burst","0.06%","∞%"
"469","Warlord's Spear","Trace Rifle","Adaptive Frame","0.06%","∞%"
"470","Keraunios","Trace Rifle","Adaptive Frame","0.06%","∞%"
"471","Unworthy","Scout Rifle","Rapid-Fire Frame","0.06%","∞%"
"472","Hailing Confusion","Pulse Rifle","Adaptive Frame","0.06%","∞%"
"473","Deadlock","Shotgun","Precision Frame","0.06%","∞%"
"474","Dire Promise","Hand Cannon","Adaptive Frame","0.06%","∞%"
"475","Exalted Truth (Adept)","Hand Cannon","Adaptive Frame","0.06%","∞%"
"476","The Scholar","Scout Rifle","High-Impact Frame","0.06%","∞%"
"477","Patron of Lost Causes","Scout Rifle","Lightweight Frame","0.06%","∞%"
"478","Posterity","Hand Cannon","Precision Frame","0.06%","∞%"
"479","Intercalary","Auto Rifle","Adaptive Frame","0.06%","∞%"
"480","Fatebringer","Hand Cannon","Adaptive Frame","0.06%","∞%"
"481","Harsh Language","Grenade Launcher","Wave Frame","0.06%","∞%"
"482","Resounding","Fusion Rifle","Aggressive Frame","0.06%","∞%"
"483","Staccato-46","Scout Rifle","Precision Frame","0.06%","∞%"
"484","Vexcalibur","Glaive","M1R Distribution Matrix","0.06%","∞%"
"485","Piece of Mind","Pulse Rifle","Rapid-Fire Frame","0.06%","∞%"
"486","Ignition Code","Grenade Launcher","Lightweight Frame","0.06%","∞%"
"487","Fortunate Star","Combat Bow","Lightweight Frame","0.06%","∞%"
"488","Nullify","Pulse Rifle","Heavy Burst","0.06%","∞%"
"489","Embraced Identity","Sniper Rifle","Adaptive Frame","0.06%","∞%"
"490","Hardline Cut","Sword","Adaptive Frame","0.06%","∞%"
"491","Unloved","Hand Cannon","Heavy Burst","0.06%","∞%"
"492","Triple Laureate","Hand Cannon","Spread Shot","0.06%","∞%"
"493","Succession","Sniper Rifle","Aggressive Frame","0.06%","∞%"
"494","Fractethyst","Shotgun","Precision Frame","0.06%","∞%"
"495","Judgment of Kelgorath","Glaive","Aggressive Glaive","0.06%","∞%"
"496","Chattering Bone","Pulse Rifle","Lightweight Frame","0.06%","∞%"
"497","Techeun Force","Fusion Rifle","Adaptive Frame","0.06%","∞%"
"498","The Mountaintop","Grenade Launcher","Micro-Missile Frame","0.06%","∞%"
"499","Bad Omens","Rocket Launcher","Aggressive Frame","0.06%","∞%"
"500","Hollow Denial","Trace Rifle","Adaptive Frame","0.06%","∞%"
"501","The Mountaintop","Grenade Launcher","Micro-Missile Frame","0.06%","∞%"
"502","Hollow Denial","Trace Rifle","Adaptive Frame","0.06%","∞%"
"503","Keraunios","Trace Rifle","Adaptive Frame","0.06%","∞%"
"504","Insidious","Pulse Rifle","Aggressive Burst","0.06%","∞%"
"505","The Hothead","Rocket Launcher","Adaptive Frame","0.06%","∞%"
"506","Faith-Keeper","Rocket Launcher","Precision Frame","0.06%","∞%"
"507","Night Watch","Scout Rifle","Lightweight Frame","0.06%","∞%"
"508","Unvoiced","Shotgun","Pinpoint Slug Frame","0.06%","∞%"
"509","Horror's Least","Pulse Rifle","Rapid-Fire Frame","0.06%","∞%"
"510","Chronophage","Trace Rifle","Adaptive Frame","0.06%","∞%"
"511","Spare Rations","Hand Cannon","Adaptive Frame","0.06%","∞%"
"512","Evening SI4","Sidearm","Adaptive Burst","0.06%","∞%"
"513","Semiotician","Rocket Launcher","High-Impact Frame","0.06%","∞%"
"514","Wild Style (Adept)","Grenade Launcher","Double Fire","0.06%","∞%"
"515","Hung Jury SR4","Scout Rifle","Precision Frame","0.06%","∞%"
"516","The Immortal (Adept)","Submachine Gun","Aggressive Frame","0.06%","∞%"
"517","Imminence","Submachine Gun","Lightweight Frame","0.06%","∞%"
"518","Love and Death","Grenade Launcher","Compressed Wave Frame","0.06%","∞%"
"519","Ill Omen","Sword","Caster Frame","0.06%","∞%"
"520","Yesterday's Question","Hand Cannon","Heavy Burst","0.06%","∞%"
"521","Live Fire","Scout Rifle","Precision Frame","0.06%","∞%"
"522","Abyssal Edge","Sword","Wave Sword Frame","0.06%","∞%"
"523","The Palindrome (Adept)","Hand Cannon","Adaptive Frame","0.06%","∞%"
"524","Brigand's Law","Sidearm","Rapid-Fire Frame","0.06%","∞%"
"525","Chroma Rush","Auto Rifle","Rapid-Fire Frame","0.06%","∞%"
"526","Igneous Hammer (Adept)","Hand Cannon","Aggressive Frame","0.06%","∞%"
"527","Circular Logic","Machine Gun","Adaptive Frame","0.06%","∞%"
"528","Shayura's Wrath","Submachine Gun","Precision Frame","0.06%","∞%"
"529","Vouchsafe","Scout Rifle","Lightweight Frame","0.06%","∞%"
"530","Disparity","Pulse Rifle","Aggressive Burst","0.06%","∞%"
"531","The Riposte","Auto Rifle","Lightweight Frame","0.06%","∞%"
"532","Explosive Personality","Grenade Launcher","Wave Frame","0.06%","∞%"
"533","The Helmsman","Sniper Rifle","High-Impact Frame","0.05%","∞%"
"534","Unending Tempest","Submachine Gun","Precision Frame","0.05%","∞%"
"535","Parabellum","Submachine Gun","Adaptive Frame","0.05%","∞%"
"536","Fang of Ir Yût","Scout Rifle","Rapid-Fire Frame","0.05%","∞%"
"537","Tigerspite","Auto Rifle","Precision Frame","0.05%","∞%"
"538","Seventh Seraph SAW","Machine Gun","High-Impact Frame","0.05%","∞%"
"539","Hezen Vengeance","Rocket Launcher","Aggressive Frame","0.05%","∞%"
"540","Zaouli's Bane (Harrowed)","Hand Cannon","Adaptive Frame","0.05%","∞%"
"541","Brya's Love","Scout Rifle","Precision Frame","0.05%","∞%"
"542","Maahes HC4","Hand Cannon","Heavy Burst","0.05%","∞%"
"543","Crux Celeritas IV","Rocket Launcher","Aggressive Frame","0.05%","∞%"
"544","The Eremite","Fusion Rifle","High-Impact Frame","0.05%","∞%"
"545","Sleepless","Rocket Launcher","High-Impact Frame","0.05%","∞%"
"546","Qullim's Terminus","Machine Gun","High-Impact Frame","0.05%","∞%"
"547","Yarovit MG4","Submachine Gun","Lightweight Frame","0.05%","∞%"
"548","Keen Thistle","Sniper Rifle","Aggressive Frame","0.05%","∞%"
"549","The Summoner (Adept)","Auto Rifle","Adaptive Frame","0.05%","∞%"
"550","Redrix's Estoc","Pulse Rifle","Legacy PR-55 Frame","0.05%","∞%"
"551","Memory Interdict","Grenade Launcher","Adaptive Frame","0.05%","∞%"
"552","Hammerhead","Machine Gun","Adaptive Frame","0.05%","∞%"
"553","Round Robin","Hand Cannon","Aggressive Frame","0.05%","∞%"
"554","Sole Survivor","Sniper Rifle","Adaptive Frame","0.05%","∞%"
"555","Subzero Salvo","Rocket Launcher","Precision Frame","0.05%","∞%"
"556","Redrix's Estoc","Pulse Rifle","Legacy PR-55 Frame","0.05%","∞%"
"557","No Survivors","Submachine Gun","Aggressive Frame","0.05%","∞%"
"558","The Recluse","Submachine Gun","Lightweight Frame","0.05%","∞%"
"559","Kept Confidence","Hand Cannon","Adaptive Frame","0.05%","∞%"
"560","Path of Least Resistance","Trace Rifle","Adaptive Frame","0.05%","∞%"
"561","IKELOS_SMG_v1.0.2","Submachine Gun","Aggressive Frame","0.05%","∞%"
"562","Cold Comfort","Rocket Launcher","Aggressive Frame","0.05%","∞%"
"563","False Idols","Sword","Vortex Frame","0.05%","∞%"
"564","Volta Bracket","Sniper Rifle","Aggressive Frame","0.05%","∞%"
"565","Veiled Threat","Auto Rifle","Rapid-Fire Frame","0.05%","∞%"
"566","Code Duello","Rocket Launcher","High-Impact Frame","0.05%","∞%"
"567","Sixth Sense","Hand Cannon","Aggressive Frame","0.05%","∞%"
"568","Thin Precipice","Sword","Vortex Frame","0.05%","∞%"
"569","Blast Furnace","Pulse Rifle","Aggressive Burst","0.05%","∞%"
"570","Main Ingredient","Fusion Rifle","Precision Frame","0.05%","∞%"
"571","Succession","Sniper Rifle","Aggressive Frame","0.05%","∞%"
"572","Throne-Cleaver","Sword","Aggressive Frame","0.05%","∞%"
"573","Nezarec's Whisper","Glaive","Adaptive Glaive","0.05%","∞%"
"574","Riiswalker","Shotgun","Lightweight Frame","0.05%","∞%"
"575","Come to Pass","Auto Rifle","High-Impact Frame","0.05%","∞%"
"576","Nessa's Oblation","Shotgun","Pinpoint Slug Frame","0.05%","∞%"
"577","Empty Vessel","Grenade Launcher","Lightweight Frame","0.05%","∞%"
"578","Unvoiced","Shotgun","Pinpoint Slug Frame","0.05%","∞%"
"579","Without Remorse","Shotgun","Lightweight Frame","0.05%","∞%"
"580","Forbearance","Grenade Launcher","Wave Frame","0.05%","∞%"
"581","Premonition","Pulse Rifle","High-Impact Frame","0.05%","∞%"
"582","Found Verdict","Shotgun","Aggressive Frame","0.05%","∞%"
"583","Cantata-57","Hand Cannon","Adaptive Frame","0.05%","∞%"
"584","Terminus Horizon","Machine Gun","High-Impact Frame","0.05%","∞%"
"585","Vulpecula","Hand Cannon","Precision Frame","0.05%","∞%"
"586","New Purpose","Pulse Rifle","High-Impact Frame","0.05%","∞%"
"587","Cynosure","Rocket Launcher","Adaptive Frame","0.05%","∞%"
"588","Nox Perennial V","Fusion Rifle","High-Impact Frame","0.05%","∞%"
"589","Marsilion-C","Grenade Launcher","Rapid-Fire Frame","0.05%","∞%"
"590","Cataphract GL3","Grenade Launcher","Adaptive Frame","0.05%","∞%"
"591","Aisha's Care","Pulse Rifle","Heavy Burst","0.05%","∞%"
"592","Watchful Eye","Machine Gun","Aggressive Frame","0.05%","∞%"
"593","Cataphract GL3 (Adept)","Grenade Launcher","Adaptive Frame","0.05%","∞%"
"594","Archon's Thunder","Machine Gun","High-Impact Frame","0.05%","∞%"
"595","Lance Ephemeral","Sniper Rifle","Rapid-Fire Frame","0.05%","∞%"
"596","Until Its Return","Shotgun","Rapid-Fire Frame","0.05%","∞%"
"597","Unforgiven","Submachine Gun","Aggressive Frame","0.05%","∞%"
"598","Appetence","Trace Rifle","Adaptive Frame","0.05%","∞%"
"599","Oversoul Edict","Pulse Rifle","Rapid-Fire Frame","0.05%","∞%"
"600","D.F.A.","Hand Cannon","Adaptive Frame","0.05%","∞%"
"601","The Beacon","Fusion Rifle","Rapid-Fire Frame","0.05%","∞%"
"602","True Prophecy","Hand Cannon","Aggressive Frame","0.05%","∞%"
"603","Battle Scar","Pulse Rifle","Lightweight Frame","0.05%","∞%"
"604","Smite of Merain","Pulse Rifle","Adaptive Frame","0.05%","∞%"
"605","Wilderflight","Grenade Launcher","Double Fire","0.05%","∞%"
"606","Falling Guillotine","Sword","Vortex Frame","0.05%","∞%"
"607","Tyranny of Heaven","Combat Bow","Lightweight Frame","0.05%","∞%"
"608","Ded Gramarye IV","Shotgun","Lightweight Frame","0.05%","∞%"
"609","Wendigo GL3 (Adept)","Grenade Launcher","Adaptive Frame","0.05%","∞%"
"610","Night Terror","Sword","Caster Frame","0.05%","∞%"
"611","Bygones","Pulse Rifle","Adaptive Frame","0.05%","∞%"
"612","Tomorrow's Answer","Rocket Launcher","High-Impact Frame","0.05%","∞%"
"613","Wilderflight","Grenade Launcher","Double Fire","0.05%","∞%"
"614","VS Gravitic Arrest","Fusion Rifle","Adaptive Frame","0.05%","∞%"
"615","Better Devils","Hand Cannon","Adaptive Frame","0.05%","∞%"
"616","Legato-11","Shotgun","Pinpoint Slug Frame","0.05%","∞%"
"617","Loud Lullaby","Hand Cannon","Aggressive Frame","0.05%","∞%"
"618","Igneous Hammer","Hand Cannon","Aggressive Frame","0.05%","∞%"
"619","Temptation's Hook","Sword","Caster Frame","0.05%","∞%"
"620","1000 Yard Stare","Sniper Rifle","Adaptive Frame","0.05%","∞%"
"621","Forbearance","Grenade Launcher","Wave Frame","0.05%","∞%"
"622","Chroma Rush","Auto Rifle","Rapid-Fire Frame","0.05%","∞%"
"623","Naeem's Lance","Sniper Rifle","Rapid-Fire Frame","0.05%","∞%"
"624","Targeted Redaction","Hand Cannon","Aggressive Frame","0.05%","∞%"
"625","Sweet Sorrow","Auto Rifle","Rapid-Fire Frame","0.05%","∞%"
"626","Terciopelo-4bl","Sword","Lightweight Frame","0.05%","∞%"
"627","Abide the Return","Sword","Adaptive Frame","0.05%","∞%"
"628","Locus Locutus","Sniper Rifle","Adaptive Frame","0.05%","∞%"
"629","Last Foray","Sniper Rifle","Aggressive Frame","0.05%","∞%"
"630","Boondoggle Mk. 55","Submachine Gun","Aggressive Frame","0.05%","∞%"
"631","Axial Lacuna","Fusion Rifle","Precision Frame","0.05%","∞%"
"632","Midnight Coup","Hand Cannon","Adaptive Frame","0.05%","∞%"
"633","PLUG ONE.1 (Adept)","Fusion Rifle","Precision Frame","0.05%","∞%"
"634","Elsie's Rifle","Pulse Rifle","High-Impact Frame","0.05%","∞%"
"635","Threaded Needle","Linear Fusion Rifle","Precision Frame","0.05%","∞%"
"636","No Feelings","Scout Rifle","Precision Frame","0.05%","∞%"
"637","Cold Comfort","Rocket Launcher","Aggressive Frame","0.05%","∞%"
"638","Every Waking Moment","Submachine Gun","Precision Frame","0.05%","∞%"
"639","Psi Hermetic V","Pulse Rifle","High-Impact Frame","0.05%","∞%"
"640","Wicked Sister","Grenade Launcher","Adaptive Frame","0.05%","∞%"
"641","Cruel Mercy (Adept)","Pulse Rifle","Heavy Burst","0.05%","∞%"
"642","Rufus's Fury (Adept)","Auto Rifle","Rapid-Fire Frame","0.05%","∞%"
"643","IKELOS_SR_v1.0.3","Sniper Rifle","Rapid-Fire Frame","0.05%","∞%"
"644","Luna's Howl","Hand Cannon","Precision Frame","0.05%","∞%"
"645","Truthteller","Grenade Launcher","Lightweight Frame","0.05%","∞%"
"646","Corrasion","Pulse Rifle","Heavy Burst","0.05%","∞%"
"647","Prosecutor","Auto Rifle","Precision Frame","0.05%","∞%"
"648","Admetus-D","Scout Rifle","High-Impact Frame","0.05%","∞%"
"649","Mechabre","Sniper Rifle","Aggressive Frame","0.05%","∞%"
"650","Service Revolver","Hand Cannon","Precision Frame","0.05%","∞%"
"651","Vantage Point","Pulse Rifle","Adaptive Frame","0.05%","∞%"
"652","Royal Entry","Rocket Launcher","Precision Frame","0.05%","∞%"
"653","Frozen Orbit","Sniper Rifle","Aggressive Frame","0.05%","∞%"
"654","Lotus-Eater","Sidearm","Micro-Missile Frame","0.05%","∞%"
"655","Trust","Hand Cannon","Precision Frame","0.05%","∞%"
"656","Exile's Curse","Fusion Rifle","High-Impact Frame","0.05%","∞%"
"657","Shayura's Wrath","Submachine Gun","Precision Frame","0.05%","∞%"
"658","BrayTech Werewolf","Auto Rifle","Precision Frame","0.05%","∞%"
"659","Transfiguration","Scout Rifle","High-Impact Frame","0.05%","∞%"
"660","Rake Angle (Adept)","Glaive","Aggressive Glaive","0.05%","∞%"
"661","Lotus-Eater","Sidearm","Micro-Missile Frame","0.05%","∞%"
"662","Exuviae","Hand Cannon","Aggressive Frame","0.04%","∞%"
"663","Bottom Dollar","Hand Cannon","Aggressive Frame","0.04%","∞%"
"664","Waking Vigil","Hand Cannon","Lightweight Frame","0.04%","∞%"
"665","Positive Outlook","Auto Rifle","Precision Frame","0.04%","∞%"
"666","True Prophecy","Hand Cannon","Aggressive Frame","0.04%","∞%"
"667","Veleda-F","Sniper Rifle","Aggressive Frame","0.04%","∞%"
"668","Fire and Forget","Linear Fusion Rifle","Adaptive Burst","0.04%","∞%"
"669","Vision of Confluence","Scout Rifle","Precision Frame","0.04%","∞%"
"670","Different Times","Pulse Rifle","Rapid-Fire Frame","0.04%","∞%"
"671","Prophet of Doom","Shotgun","Precision Frame","0.04%","∞%"
"672","Prosecutor","Auto Rifle","Precision Frame","0.04%","∞%"
"673","Arsenic Bite-4b","Combat Bow","Lightweight Frame","0.04%","∞%"
"674","Lingering Dread","Grenade Launcher","Lightweight Frame","0.04%","∞%"
"675","Snorri FR5","Fusion Rifle","Precision Frame","0.04%","∞%"
"676","Gunburn","Submachine Gun","Lightweight Frame","0.04%","∞%"
"677","Deafening Whisper","Grenade Launcher","Wave Frame","0.04%","∞%"
"678","Sailspy Pitchglass","Linear Fusion Rifle","Precision Frame","0.04%","∞%"
"679","Lingering Dread","Grenade Launcher","Lightweight Frame","0.04%","∞%"
"680","Zealot's Reward","Fusion Rifle","Rapid-Fire Frame","0.04%","∞%"
"681","Retold Tale","Shotgun","Precision Frame","0.04%","∞%"
"682","Snipehunt Mk. 47","Auto Rifle","Lightweight Frame","0.04%","∞%"
"683","Nature Reclaimed","Scout Rifle","Lightweight Frame","0.04%","∞%"
"684","Tinasha's Mastery","Sidearm","Micro-Missile Frame","0.04%","∞%"
"685","Salvager's Salvo","Grenade Launcher","Lightweight Frame","0.04%","∞%"
"686","Loaded Question (Adept)","Fusion Rifle","High-Impact Frame","0.04%","∞%"
"687","Nox Sidereal IV","Fusion Rifle","Aggressive Frame","0.04%","∞%"
"688","Mirror Imago","Submachine Gun","Adaptive Frame","0.04%","∞%"
"689","Blowout","Rocket Launcher","Adaptive Frame","0.04%","∞%"
"690","Noxious Vetiver","Submachine Gun","Precision Frame","0.04%","∞%"
"691","Eyes Unveiled","Linear Fusion Rifle","Precision Frame","0.04%","∞%"
"692","Adamantite (Adept)","Auto Rifle","Support Frame","0.04%","∞%"
"693","The Immortal","Submachine Gun","Aggressive Frame","0.04%","∞%"
"694","Combined Action","Hand Cannon","Aggressive Frame","0.04%","∞%"
"695","Psychopomp","Grenade Launcher","Area Denial Frame","0.04%","∞%"
"696","Elsie's Rifle","Pulse Rifle","High-Impact Frame","0.04%","∞%"
"697","Extraordinary Rendition","Submachine Gun","Aggressive Frame","0.04%","∞%"
"698","Under Your Skin","Combat Bow","Precision Frame","0.04%","∞%"
"699","Supercluster","Shotgun","Pinpoint Slug Frame","0.04%","∞%"
"700","Tranquility","Sniper Rifle","Adaptive Frame","0.04%","∞%"
"701","Mykel's Reverence","Sidearm","Rapid-Fire Frame","0.04%","∞%"
"702","Strident Whistle","Combat Bow","Precision Frame","0.04%","∞%"
"703","Positive Outlook","Auto Rifle","Precision Frame","0.04%","∞%"
"704","Empirical Evidence","Sidearm","Heavy Burst","0.04%","∞%"
"705","Seventh Seraph Carbine","Auto Rifle","Precision Frame","0.04%","∞%"
"706","Royal Executioner","Fusion Rifle","Adaptive Frame","0.04%","∞%"
"707","Planck's Stride","Machine Gun","Rapid-Fire Frame","0.04%","∞%"
"708","Shattered Cipher","Machine Gun","Rapid-Fire Frame","0.04%","∞%"
"709","The Slammer","Sword","Vortex Frame","0.04%","∞%"
"710","The Deicide","Shotgun","Rapid-Fire Frame","0.04%","∞%"
"711","Firefright","Auto Rifle","Precision Frame","0.04%","∞%"
"712","Dragoncult Sickle","Sword","Caster Frame","0.04%","∞%"
"713","Glissando-47","Scout Rifle","Precision Frame","0.04%","∞%"
"714","New Pacific Epitaph","Grenade Launcher","Wave Frame","0.04%","∞%"
"715","Midha's Reckoning","Fusion Rifle","High-Impact Frame","0.04%","∞%"
"716","Anonymous Autumn","Sidearm","Lightweight Frame","0.04%","∞%"
"717","Tears of Contrition","Scout Rifle","Precision Frame","0.04%","∞%"
"718","Hullabaloo","Grenade Launcher","Compressed Wave Frame","0.04%","∞%"
"719","Lubrae's Ruin","Glaive","Adaptive Glaive","0.04%","∞%"
"720","Eleatic Principle","Machine Gun","Rapid-Fire Frame","0.04%","∞%"
"721","Bonechiller","Shotgun","Pinpoint Slug Frame","0.04%","∞%"
"722","The Summoner","Auto Rifle","Adaptive Frame","0.04%","∞%"
"723","Dream Breaker","Fusion Rifle","Adaptive Frame","0.04%","∞%"
"724","Corrective Measure (Timelost)","Machine Gun","Aggressive Frame","0.04%","∞%"
"725","The Messenger","Pulse Rifle","High-Impact Frame","0.04%","∞%"
"726","Hero of Ages","Sword","Vortex Frame","0.04%","∞%"
"727","Chattering Bone","Pulse Rifle","Lightweight Frame","0.04%","∞%"
"728","Vengeful Whisper","Combat Bow","Precision Frame","0.04%","∞%"
"729","No Survivors","Submachine Gun","Aggressive Frame","0.04%","∞%"
"730","Perses-D","Scout Rifle","High-Impact Frame","0.04%","∞%"
"731","Found Verdict (Timelost)","Shotgun","Aggressive Frame","0.04%","∞%"
"732","Goldtusk","Sword","Lightweight Frame","0.04%","∞%"
"733","Refusal of the Call","Glaive","Adaptive Glaive","0.04%","∞%"
"734","Subjunctive","Submachine Gun","Lightweight Frame","0.04%","∞%"
"735","Ogma PR6","Pulse Rifle","Lightweight Frame","0.04%","∞%"
"736","Hung Jury SR4","Scout Rifle","Precision Frame","0.04%","∞%"
"737","Circular Logic","Machine Gun","Adaptive Frame","0.04%","∞%"
"738","Biting Winds","Combat Bow","Precision Frame","0.04%","∞%"
"739","VS Gravitic Arrest","Fusion Rifle","Adaptive Frame","0.04%","∞%"
"740","Non-Denouement","Combat Bow","Precision Frame","0.04%","∞%"
"741","Keen Thistle","Sniper Rifle","Aggressive Frame","0.04%","∞%"
"742","Praedyth's Revenge (Timelost)","Sniper Rifle","Rapid-Fire Frame","0.04%","∞%"
"743","Terminus Horizon (Adept)","Machine Gun","High-Impact Frame","0.04%","∞%"
"744","Shayura's Wrath (Adept)","Submachine Gun","Precision Frame","0.04%","∞%"
"745","Rapid Growth","Sniper Rifle","Rapid-Fire Frame","0.04%","∞%"
"746","No Survivors","Submachine Gun","Aggressive Frame","0.04%","∞%"
"747","Null Composure","Fusion Rifle","Rapid-Fire Frame","0.04%","∞%"
"748","Critical Anomaly","Sniper Rifle","Aggressive Frame","0.04%","∞%"
"749","Lodbrok-C","Auto Rifle","High-Impact Frame","0.04%","∞%"
"750","Caretaker","Sword","Adaptive Frame","0.04%","∞%"
"751","Interference VI","Grenade Launcher","Adaptive Frame","0.04%","∞%"
"752","Rapacious Appetite","Submachine Gun","Aggressive Frame","0.04%","∞%"
"753","Heretic","Rocket Launcher","Aggressive Frame","0.04%","∞%"
"754","A Sudden Death","Shotgun","Aggressive Frame","0.04%","∞%"
"755","Crowning Duologue","Rocket Launcher","Precision Frame","0.04%","∞%"
"756","Submersion","Combat Bow","High-Impact Frame","0.04%","∞%"
"757","Coronach-22","Auto Rifle","Adaptive Frame","0.04%","∞%"
"758","The Palindrome","Hand Cannon","Adaptive Frame","0.04%","∞%"
"759","Truthteller","Grenade Launcher","Lightweight Frame","0.04%","∞%"
"760","Scalar Potential","Pulse Rifle","Rapid-Fire Frame","0.04%","∞%"
"761","Recurrent Impact","Machine Gun","Rapid-Fire Frame","0.04%","∞%"
"762","Fugue-55","Sniper Rifle","Adaptive Frame","0.04%","∞%"
"763","Seventh Seraph VY-7","Submachine Gun","Precision Frame","0.04%","∞%"
"764","Breakneck","Auto Rifle","Precision Frame","0.04%","∞%"
"765","Vouchsafe","Scout Rifle","Lightweight Frame","0.04%","∞%"
"766","Geodetic HSm","Sword","Adaptive Frame","0.04%","∞%"
"767","Glacioclasm","Fusion Rifle","High-Impact Frame","0.04%","∞%"
"768","Mercurial Overreach","Sniper Rifle","Adaptive Frame","0.04%","∞%"
"769","Eye of Sol","Sniper Rifle","Adaptive Frame","0.04%","∞%"
"770","Scavenger's Fate","Shotgun","Precision Frame","0.04%","∞%"
"771","Cynosure","Rocket Launcher","Adaptive Frame","0.04%","∞%"
"772","Horror Story","Auto Rifle","Precision Frame","0.04%","∞%"
"773","Igneous Hammer","Hand Cannon","Aggressive Frame","0.04%","∞%"
"774","The Title","Submachine Gun","Aggressive Frame","0.04%","∞%"
"775","Peacebond","Sidearm","Adaptive Burst","0.04%","∞%"
"776","Hullabaloo","Grenade Launcher","Compressed Wave Frame","0.04%","∞%"
"777","Shayura's Wrath (Adept)","Submachine Gun","Precision Frame","0.04%","∞%"
"778","Liturgy","Grenade Launcher","Double Fire","0.04%","∞%"
"779","Greasy Luck","Glaive","Rapid-Fire Glaive","0.04%","∞%"
"780","Something New","Hand Cannon","Aggressive Frame","0.04%","∞%"
"781","Battle Scar","Pulse Rifle","Lightweight Frame","0.04%","∞%"
"782","Neoptolemus II","Combat Bow","Precision Frame","0.04%","∞%"
"783","Deadlock","Shotgun","Precision Frame","0.04%","∞%"
"784","Veillantif-D","Pulse Rifle","Micro-Missile Frame","0.04%","∞%"
"785","Uzume RR4 (Adept)","Sniper Rifle","Adaptive Frame","0.04%","∞%"
"786","The Title","Submachine Gun","Aggressive Frame","0.04%","∞%"
"787","Aurora Dawn","Sword","Wave Sword Frame","0.04%","∞%"
"788","Retold Tale","Shotgun","Precision Frame","0.04%","∞%"
"789","BrayTech Osprey (Adept)","Rocket Launcher","High-Impact Frame","0.04%","∞%"
"790","Arcane Embrace","Shotgun","Heavy Burst","0.03%","∞%"
"791","Stay Frosty","Pulse Rifle","Lightweight Frame","0.03%","∞%"
"792","Ancient Gospel","Hand Cannon","Adaptive Frame","0.03%","∞%"
"793","Wolftone Draw","Combat Bow","Precision Frame","0.03%","∞%"
"794","Wilderflight","Grenade Launcher","Double Fire","0.03%","∞%"
"795","Fortunate Star","Combat Bow","Lightweight Frame","0.03%","∞%"
"796","Watchful Eye","Machine Gun","Aggressive Frame","0.03%","∞%"
"797","Contingency Plan","Scout Rifle","Rapid-Fire Frame","0.03%","∞%"
"798","Aisha's Embrace","Scout Rifle","Rapid-Fire Frame","0.03%","∞%"
"799","Joxer's Longsword","Pulse Rifle","Heavy Burst","0.03%","∞%"
"800","Retold Tale","Shotgun","Precision Frame","0.03%","∞%"
"801","Arcane Embrace","Shotgun","Heavy Burst","0.03%","∞%"
"802","Prodigal Return","Grenade Launcher","Lightweight Frame","0.03%","∞%"
"803","The Inquisitor (Adept)","Shotgun","Pinpoint Slug Frame","0.03%","∞%"
"804","Gridskipper","Pulse Rifle","Rapid-Fire Frame","0.03%","∞%"
"805","Aisha's Care (Adept)","Pulse Rifle","Heavy Burst","0.03%","∞%"
"806","PLUG ONE.1 (Adept)","Fusion Rifle","Precision Frame","0.03%","∞%"
"807","The Domino","Sniper Rifle","Adaptive Frame","0.03%","∞%"
"808","Buzzard (Adept)","Sidearm","Adaptive Frame","0.03%","∞%"
"809","Forensic Nightmare","Submachine Gun","Precision Frame","0.03%","∞%"
"810","Main Ingredient","Fusion Rifle","Precision Frame","0.03%","∞%"
"811","Gridskipper","Pulse Rifle","Rapid-Fire Frame","0.03%","∞%"
"812","Raconteur","Combat Bow","Precision Frame","0.03%","∞%"
"813","Likely Suspect","Fusion Rifle","Rapid-Fire Frame","0.03%","∞%"
"814","Autumn Wind","Pulse Rifle","Rapid-Fire Frame","0.03%","∞%"
"815","Greasy Luck","Glaive","Rapid-Fire Glaive","0.03%","∞%"
"816","Origin Story","Auto Rifle","Precision Frame","0.03%","∞%"
"817","Bellowing Giant","Rocket Launcher","Adaptive Frame","0.03%","∞%"
"818","Avalanche","Machine Gun","Adaptive Frame","0.03%","∞%"
"819","Acosmic","Grenade Launcher","Rapid-Fire Frame","0.03%","∞%"
"820","Stryker's Sure-Hand","Sword","Aggressive Frame","0.03%","∞%"
"821","Adhortative","Pulse Rifle","Adaptive Frame","0.03%","∞%"
"822","Anamnesis","Combat Bow","Lightweight Frame","0.03%","∞%"
"823","False Promises","Auto Rifle","High-Impact Frame","0.03%","∞%"
"824","Twilight Oath","Sniper Rifle","Rapid-Fire Frame","0.03%","∞%"
"825","Archon's Thunder","Machine Gun","High-Impact Frame","0.03%","∞%"
"826","Omniscient Eye","Sniper Rifle","Rapid-Fire Frame","0.03%","∞%"
"827","Hammerhead","Machine Gun","Adaptive Frame","0.03%","∞%"
"828","Vengeful Whisper","Combat Bow","Precision Frame","0.03%","∞%"
"829","Xenoclast IV","Shotgun","Lightweight Frame","0.03%","∞%"
"830","Micromort","Rocket Launcher","Precision Frame","0.03%","∞%"
"831","Out of Bounds","Submachine Gun","Lightweight Frame","0.03%","∞%"
"832","Avalanche","Machine Gun","Adaptive Frame","0.03%","∞%"
"833","Wilderflight (Adept)","Grenade Launcher","Double Fire","0.03%","∞%"
"834","Insurmountable","Sidearm","Precision Frame","0.03%","∞%"
"835","Servant Leader","Scout Rifle","Rapid-Fire Frame","0.03%","∞%"
"836","Survivor's Epitaph","Hand Cannon","Precision Frame","0.03%","∞%"
"837","Hushed Whisper","Combat Bow","Precision Frame","0.03%","∞%"
"838","Watchful Eye (Adept)","Machine Gun","Aggressive Frame","0.03%","∞%"
"839","Nameless Midnight","Scout Rifle","Precision Frame","0.03%","∞%"
"840","The Steady Hand","Hand Cannon","Aggressive Frame","0.03%","∞%"
"841","Succession","Sniper Rifle","Aggressive Frame","0.03%","∞%"
"842","Peacebond","Sidearm","Adaptive Burst","0.03%","∞%"
"843","Waking Vigil","Hand Cannon","Adaptive Frame","0.03%","∞%"
"844","Praedyth's Revenge","Sniper Rifle","Rapid-Fire Frame","0.03%","∞%"
"845","Razor's Edge","Sword","Vortex Frame","0.03%","∞%"
"846","The Inquisitor","Shotgun","Pinpoint Slug Frame","0.03%","∞%"
"847","Aurvandil FR6","Fusion Rifle","High-Impact Frame","0.03%","∞%"
"848","Cruoris FR4","Fusion Rifle","Aggressive Frame","0.03%","∞%"
"849","Relentless","Pulse Rifle","High-Impact Frame","0.03%","∞%"
"850","One Small Step","Shotgun","Rapid-Fire Frame","0.03%","∞%"
"851","IKELOS_HC_v1.0.3","Hand Cannon","Precision Frame","0.03%","∞%"
"852","Igneous Hammer (Adept)","Hand Cannon","Aggressive Frame","0.03%","∞%"
"853","Controlling Vision","Sidearm","Adaptive Frame","0.03%","∞%"
"854","A Distant Pull","Sniper Rifle","Rapid-Fire Frame","0.03%","∞%"
"855","Synchronic Roulette","Submachine Gun","Precision Frame","0.03%","∞%"
"856","Division","Sidearm","Heavy Burst","0.03%","∞%"
"857","Sojourner's Tale","Shotgun","Pinpoint Slug Frame","0.03%","∞%"
"858","The Title","Submachine Gun","Aggressive Frame","0.03%","∞%"
"859","Adamantite","Auto Rifle","Support Frame","0.03%","∞%"
"860","Nightshade","Pulse Rifle","Lightweight Frame","0.03%","∞%"
"861","Sacred Provenance","Pulse Rifle","Aggressive Burst","0.03%","∞%"
"862","Shadow Price (Adept)","Auto Rifle","Precision Frame","0.03%","∞%"
"863","Summum Bonum","Sword","Wave Sword Frame","0.03%","∞%"
"864","Coriolis Force","Fusion Rifle","Aggressive Frame","0.03%","∞%"
"865","Tigerspite","Auto Rifle","Precision Frame","0.03%","∞%"
"866","Nasreddin","Sword","Adaptive Frame","0.03%","∞%"
"867","False Promises","Auto Rifle","High-Impact Frame","0.03%","∞%"
"868","Acosmic","Grenade Launcher","Rapid-Fire Frame","0.03%","∞%"
"869","Occluded Finality","Sniper Rifle","Aggressive Frame","0.03%","∞%"
"870","Jorum's Claw","Pulse Rifle","Adaptive Frame","0.03%","∞%"
"871","Sorrow's Verse","Auto Rifle","Adaptive Frame","0.03%","∞%"
"872","Cold Comfort","Rocket Launcher","Aggressive Frame","0.03%","∞%"
"873","Belisarius-D","Pulse Rifle","Aggressive Burst","0.03%","∞%"
"874","Long Arm","Scout Rifle","Aggressive Frame","0.03%","∞%"
"875","The Deicide","Shotgun","Rapid-Fire Frame","0.03%","∞%"
"876","Luna Regolith III","Sniper Rifle","Aggressive Frame","0.03%","∞%"
"877","Accrued Redemption","Combat Bow","Precision Frame","0.03%","∞%"
"878","Prolonged Engagement","Submachine Gun","Lightweight Frame","0.03%","∞%"
"879","Basso Ostinato","Shotgun","Rapid-Fire Frame","0.03%","∞%"
"880","Unwavering Duty","Machine Gun","Adaptive Frame","0.03%","∞%"
"881","Relentless","Pulse Rifle","High-Impact Frame","0.03%","∞%"
"882","Lunulata-4b","Combat Bow","Lightweight Frame","0.03%","∞%"
"883","Mindbender's Ambition (Adept)","Shotgun","Aggressive Frame","0.03%","∞%"
"884","Reed's Regret (Adept)","Linear Fusion Rifle","Precision Frame","0.03%","∞%"
"885","Pointed Inquiry","Scout Rifle","High-Impact Frame","0.03%","∞%"
"886","Blood Feud","Submachine Gun","Aggressive Frame","0.03%","∞%"
"887","Cold Denial","Pulse Rifle","High-Impact Frame","0.03%","∞%"
"888","Senuna SI6","Sidearm","Adaptive Burst","0.03%","∞%"
"889","Apostate","Sniper Rifle","Rapid-Fire Frame","0.03%","∞%"
"890","Borrowed Time","Submachine Gun","Aggressive Frame","0.03%","∞%"
"891","Adjudicator","Submachine Gun","Precision Frame","0.03%","∞%"
"892","Blast Furnace","Pulse Rifle","Aggressive Burst","0.03%","∞%"
"893","Sovereignty","Sniper Rifle","Adaptive Frame","0.03%","∞%"
"894","Scintillation","Linear Fusion Rifle","Adaptive Burst","0.03%","∞%"
"895","Long Shadow","Sniper Rifle","Adaptive Frame","0.03%","∞%"
"896","Hung Jury SR4 (Adept)","Scout Rifle","Precision Frame","0.03%","∞%"
"897","Enyo-D","Submachine Gun","Precision Frame","0.03%","∞%"
"898","The Messenger","Pulse Rifle","High-Impact Frame","0.03%","∞%"
"899","The Title","Submachine Gun","Aggressive Frame","0.03%","∞%"
"900","Irukandji","Sniper Rifle","Rapid-Fire Frame","0.03%","∞%"
"901","Qua Xaphan V","Machine Gun","High-Impact Frame","0.03%","∞%"
"902","Lethal Abundance","Auto Rifle","High-Impact Frame","0.03%","∞%"
"903","Stochastic Variable","Submachine Gun","Lightweight Frame","0.03%","∞%"
"904","Last Foray","Sniper Rifle","Aggressive Frame","0.03%","∞%"
"905","The Heron","Glaive","Aggressive Glaive","0.03%","∞%"
"906","Fortissimo-11","Shotgun","Pinpoint Slug Frame","0.03%","∞%"
"907","Long Arm","Scout Rifle","Aggressive Frame","0.03%","∞%"
"908","Taraxippos","Scout Rifle","Lightweight Frame","0.03%","∞%"
"909","Threat Level","Shotgun","Rapid-Fire Frame","0.03%","∞%"
"910","Hand in Hand","Shotgun","Aggressive Frame","0.03%","∞%"
"911","Compass Rose","Shotgun","Precision Frame","0.03%","∞%"
"912","Stars in Shadow","Pulse Rifle","High-Impact Frame","0.03%","∞%"
"913","Multimach CCX","Submachine Gun","Lightweight Frame","0.03%","∞%"
"914","Relentless","Pulse Rifle","High-Impact Frame","0.03%","∞%"
"915","Something New","Hand Cannon","Aggressive Frame","0.03%","∞%"
"916","Chrysura Melo","Auto Rifle","High-Impact Frame","0.03%","∞%"
"917","Sorrow's Verse","Auto Rifle","Adaptive Frame","0.03%","∞%"
"918","Iota Draconis","Fusion Rifle","High-Impact Frame","0.03%","∞%"
"919","Blasphemer","Shotgun","Pinpoint Slug Frame","0.03%","∞%"
"920","Last Perdition","Pulse Rifle","Adaptive Frame","0.03%","∞%"
"921","The Palindrome","Hand Cannon","Adaptive Frame","0.03%","∞%"
"922","Warden's Law (Adept)","Hand Cannon","Heavy Burst","0.03%","∞%"
"923","Sojourner's Tale","Shotgun","Pinpoint Slug Frame","0.03%","∞%"
"924","Cold Comfort (Adept)","Rocket Launcher","Aggressive Frame","0.03%","∞%"
"925","No Reprieve","Shotgun","Pinpoint Slug Frame","0.03%","∞%"
"926","Mirror Imago (Adept)","Submachine Gun","Adaptive Frame","0.03%","∞%"
"927","Darkest Before","Pulse Rifle","Rapid-Fire Frame","0.03%","∞%"
"928","Gizmo Weft","Grenade Launcher","Micro-Missile Frame","0.03%","∞%"
"929","Thoughtless","Sniper Rifle","Adaptive Frame","0.03%","∞%"
"930","The Third Axiom","Pulse Rifle","Adaptive Frame","0.03%","∞%"
"931","Zephyr","Sword","Adaptive Frame","0.03%","∞%"
"932","No Survivors","Submachine Gun","Aggressive Frame","0.03%","∞%"
"933","Tarantula","Linear Fusion Rifle","Precision Frame","0.03%","∞%"
"934","Avalanche","Machine Gun","Adaptive Frame","0.03%","∞%"
"935","No Survivors (Adept)","Submachine Gun","Aggressive Frame","0.03%","∞%"
"936","Vision of Confluence (Timelost)","Scout Rifle","Precision Frame","0.03%","∞%"
"937","A Good Shout","Combat Bow","High-Impact Frame","0.03%","∞%"
"938","Rake Angle","Glaive","Aggressive Glaive","0.03%","∞%"
"939","Frontier's Cry","Hand Cannon","Precision Frame","0.03%","∞%"
"940","Vouchsafe","Scout Rifle","Lightweight Frame","0.03%","∞%"
"941","Terminus Horizon","Machine Gun","High-Impact Frame","0.03%","∞%"
"942","Taraxippos","Scout Rifle","Lightweight Frame","0.03%","∞%"
"943","Oxygen SR3","Scout Rifle","Precision Frame","0.03%","∞%"
"944","Seventh Seraph Officer Revolver","Hand Cannon","Precision Frame","0.03%","∞%"
"945","Action Item","Trace Rifle","Adaptive Frame","0.03%","∞%"
"946","Father's Sins","Sniper Rifle","Rapid-Fire Frame","0.03%","∞%"
"947","The Epicurean","Fusion Rifle","Precision Frame","0.03%","∞%"
"948","Roar of the Bear","Rocket Launcher","High-Impact Frame","0.03%","∞%"
"949","Prosecutor (Adept)","Auto Rifle","Precision Frame","0.03%","∞%"
"950","Lonesome","Sidearm","Precision Frame","0.03%","∞%"
"951","Darkest Before","Pulse Rifle","Rapid-Fire Frame","0.03%","∞%"
"952","Forge's Pledge","Pulse Rifle","Adaptive Frame","0.03%","∞%"
"953","Abyssal Edge","Sword","Wave Sword Frame","0.03%","∞%"
"954","Tomorrow's Answer (Adept)","Rocket Launcher","High-Impact Frame","0.03%","∞%"
"955","Escape Velocity","Submachine Gun","Lightweight Frame","0.03%","∞%"
"956","Long Arm (Adept)","Scout Rifle","Aggressive Frame","0.03%","∞%"
"957","Lethal Abundance","Auto Rifle","High-Impact Frame","0.03%","∞%"
"958","The Last Dance","Sidearm","Adaptive Burst","0.03%","∞%"
"959","Adored","Sniper Rifle","Adaptive Frame","0.03%","∞%"
"960","Smite of Merain (Harrowed)","Pulse Rifle","Adaptive Frame","0.03%","∞%"
"961","Waking Vigil","Hand Cannon","Adaptive Frame","0.03%","∞%"
"962","Adverse Possession IX","Scout Rifle","Precision Frame","0.03%","∞%"
"963","The Last Breath","Auto Rifle","Adaptive Frame","0.03%","∞%"
"964","Gallu RR3","Sniper Rifle","Adaptive Frame","0.03%","∞%"
"965","Mechabre","Sniper Rifle","Aggressive Frame","0.03%","∞%"
"966","Liminal Vigil","Sidearm","Heavy Burst","0.03%","∞%"
"967","Death Adder","Submachine Gun","Lightweight Frame","0.03%","∞%"
"968","New Pacific Epitaph","Grenade Launcher","Wave Frame","0.03%","∞%"
"969","The Prophet","Scout Rifle","Aggressive Frame","0.03%","∞%"
"970","Hung Jury SR4 (Adept)","Scout Rifle","Precision Frame","0.03%","∞%"
"971","Mercurial Overreach","Sniper Rifle","Adaptive Frame","0.03%","∞%"
"972","Judgment","Hand Cannon","Adaptive Frame","0.03%","∞%"
"973","Punching Out","Sidearm","Rapid-Fire Frame","0.03%","∞%"
"974","The Title","Submachine Gun","Aggressive Frame","0.03%","∞%"
"975","IKELOS_SR_v1.0.2","Sniper Rifle","Rapid-Fire Frame","0.03%","∞%"
"976","The Messenger (Adept)","Pulse Rifle","High-Impact Frame","0.03%","∞%"
"977","Accelerando-42","Fusion Rifle","Precision Frame","0.03%","∞%"
"978","Nameless Midnight","Scout Rifle","Precision Frame","0.03%","∞%"
"979","Sola's Scar","Sword","Caster Frame","0.03%","∞%"
"980","New Purpose","Pulse Rifle","High-Impact Frame","0.03%","∞%"
"981","Forthcoming Deviance","Glaive","Rapid-Fire Glaive","0.03%","∞%"
"982","Synanceia","Sword","Wave Sword Frame","0.03%","∞%"
"983","Vikala SMG4","Submachine Gun","Balanced Heat Weapon","0.03%","∞%"
"984","New Pacific Epitaph","Grenade Launcher","Wave Frame","0.03%","∞%"
"985","Seventh Seraph Carbine","Auto Rifle","Precision Frame","0.03%","∞%"
"986","THE SWARM (Adept)","Machine Gun","High-Impact Frame","0.03%","∞%"
"987","Alone as a god","Sniper Rifle","Rapid-Fire Frame","0.03%","∞%"
"988","Gunnora's Axe","Shotgun","Pinpoint Slug Frame","0.03%","∞%"
"989","Horror Story","Auto Rifle","Precision Frame","0.03%","∞%"
"990","Mistral Lift","Linear Fusion Rifle","Adaptive Burst","0.03%","∞%"
"991","Whispering Slab","Combat Bow","Lightweight Frame","0.03%","∞%"
"992","Laser Painter","Linear Fusion Rifle","Precision Frame","0.02%","∞%"
"993","The Palindrome","Hand Cannon","Adaptive Frame","0.02%","∞%"
"994","Undercurrent (Adept)","Grenade Launcher","Wave Frame","0.02%","∞%"
"995","Afterlight","Fusion Rifle","Adaptive Frame","0.02%","∞%"
"996","Blast Battue","Grenade Launcher","Adaptive Frame","0.02%","∞%"
"997","Sleepless","Rocket Launcher","High-Impact Frame","0.02%","∞%"
"998","Herod-C","Auto Rifle","High-Impact Frame","0.02%","∞%"
"999","Mechabre","Sniper Rifle","Aggressive Frame","0.02%","∞%"
"1000","Corrective Measure (Timelost)","Machine Gun","Adaptive Frame","0.02%","∞%"
"1001","Fel Taradiddle","Combat Bow","Lightweight Frame","0.02%","∞%"
"1002","Lethophobia","Combat Bow","Lightweight Frame","0.02%","∞%"
"1003","Taraxippos","Scout Rifle","Lightweight Frame","0.02%","∞%"
"1004","King Orfeo","Combat Bow","Precision Frame","0.02%","∞%"
"1005","Naeem's Lance","Sniper Rifle","Rapid-Fire Frame","0.02%","∞%"
"1006","Albedo Wing","Glaive","Aggressive Glaive","0.02%","∞%"
"1007","Roar of the Bear","Rocket Launcher","High-Impact Frame","0.02%","∞%"
"1008","Canis Major","Grenade Launcher","Rapid-Fire Frame","0.02%","∞%"
"1009","Yesterday's Question (Adept)","Hand Cannon","Heavy Burst","0.02%","∞%"
"1010","The Hero's Burden","Submachine Gun","Adaptive Frame","0.02%","∞%"
"1011","Stay Frosty","Pulse Rifle","Lightweight Frame","0.02%","∞%"
"1012","Song of Ir Yût (Adept)","Machine Gun","Adaptive Frame","0.02%","∞%"
"1013","Retrofuturist","Shotgun","Lightweight Frame","0.02%","∞%"
"1014","Imperial Needle","Combat Bow","Lightweight Frame","0.02%","∞%"
"1015","Avalanche","Machine Gun","Adaptive Frame","0.02%","∞%"
"1016","Tomorrow's Answer","Rocket Launcher","High-Impact Frame","0.02%","∞%"
"1017","Tripwire Canary","Combat Bow","Lightweight Frame","0.02%","∞%"
"1018","Cataclysmic (Adept)","Linear Fusion Rifle","Precision Frame","0.02%","∞%"
"1019","A Sudden Death (Adept)","Shotgun","Aggressive Frame","0.02%","∞%"
"1020","Dead Weight","Shotgun","Rapid-Fire Frame","0.02%","∞%"
"1021","Subzero Salvo","Rocket Launcher","Precision Frame","0.02%","∞%"
"1022","Glacioclasm","Fusion Rifle","High-Impact Frame","0.02%","∞%"
"1023","Acasia's Dejection (Adept)","Trace Rifle","Adaptive Frame","0.02%","∞%"
"1024","Annual Skate","Hand Cannon","Adaptive Frame","0.02%","∞%"
"1025","Eternal Blazon","Scout Rifle","Lightweight Frame","0.02%","∞%"
"1026","Dark Decider","Auto Rifle","Rapid-Fire Frame","0.02%","∞%"
"1027","Keen Thistle (Adept)","Sniper Rifle","Aggressive Frame","0.02%","∞%"
"1028","Just in Case","Sword","Adaptive Frame","0.02%","∞%"
"1029","Boudica-C","Sidearm","Precision Frame","0.02%","∞%"
"1030","Uzume RR4 (Adept)","Sniper Rifle","Adaptive Frame","0.02%","∞%"
"1031","Eyes Unveiled","Linear Fusion Rifle","Precision Frame","0.02%","∞%"
"1032","Outlast","Pulse Rifle","Rapid-Fire Frame","0.02%","∞%"
"1033","Glacioclasm","Fusion Rifle","High-Impact Frame","0.02%","∞%"
"1034","Sarpedon-D","Hand Cannon","Spread Shot","0.02%","∞%"
"1035","Pressurized Precision","Fusion Rifle","Adaptive Frame","0.02%","∞%"
"1036","Submission (Adept)","Submachine Gun","Lightweight Frame","0.02%","∞%"
"1037","The Vision","Sidearm","Adaptive Burst","0.02%","∞%"
"1038","Hezen Vengeance (Timelost)","Rocket Launcher","Aggressive Frame","0.02%","∞%"
"1039","Basso Ostinato","Shotgun","Rapid-Fire Frame","0.02%","∞%"
"1040","Duty Bound","Auto Rifle","Adaptive Frame","0.02%","∞%"
"1041","Backfang","Glaive","Rapid-Fire Glaive","0.02%","∞%"
"1042","Deliverance (Adept)","Fusion Rifle","Precision Frame","0.02%","∞%"
"1043","Seventh Seraph SI-2","Sidearm","Lightweight Frame","0.02%","∞%"
"1044","Crisis Inverted","Hand Cannon","Adaptive Frame","0.02%","∞%"
"1045","Judgment","Hand Cannon","Adaptive Frame","0.02%","∞%"
"1046","Liminal Vigil (Adept)","Sidearm","Heavy Burst","0.02%","∞%"
"1047","The Spiteful Fang","Combat Bow","Lightweight Frame","0.02%","∞%"
"1048","Jurassic Green","Pulse Rifle","Rapid-Fire Frame","0.02%","∞%"
"1049","Seventh Seraph Officer Revolver","Hand Cannon","Precision Frame","0.02%","∞%"
"1050","Compass Rose","Shotgun","Precision Frame","0.02%","∞%"
"1051","Fioritura-59","Sidearm","Rapid-Fire Frame","0.02%","∞%"
"1052","Pizzicato-22","Submachine Gun","Adaptive Frame","0.02%","∞%"
"1053","Temptation's Hook","Sword","Caster Frame","0.02%","∞%"
"1054","Found Verdict (Timelost)","Shotgun","Aggressive Frame","0.02%","∞%"
"1055","Riiswalker","Shotgun","Lightweight Frame","0.02%","∞%"
"1056","IKELOS_SG_v1.0.2","Shotgun","Rapid-Fire Frame","0.02%","∞%"
"1057","Sacred Provenance","Pulse Rifle","Aggressive Burst","0.02%","∞%"
"1058","Jurassic Green","Pulse Rifle","Rapid-Fire Frame","0.02%","∞%"
"1059","Ancient Gospel","Hand Cannon","Adaptive Frame","0.02%","∞%"
"1060","Glacioclasm","Fusion Rifle","High-Impact Frame","0.02%","∞%"
"1061","Pleiades Corrector","Scout Rifle","Lightweight Frame","0.02%","∞%"
"1062","The Number","Auto Rifle","Precision Frame","0.02%","∞%"
"1063","Imperative","Scout Rifle","High-Impact Frame","0.02%","∞%"
"1064","Legal Action II","Pulse Rifle","High-Impact Frame","0.02%","∞%"
"1065","Cruel Mercy","Pulse Rifle","Heavy Burst","0.02%","∞%"
"1066","Jian 7 Rifle","Pulse Rifle","Adaptive Frame","0.02%","∞%"
"1067","Farewell","Sidearm","Lightweight Frame","0.02%","∞%"
"1068","Outrageous Fortune","Grenade Launcher","Rapid-Fire Frame","0.02%","∞%"
"1069","Yesteryear","Pulse Rifle","Adaptive Frame","0.02%","∞%"
"1070","Greasy Luck (Adept)","Glaive","Rapid-Fire Glaive","0.02%","∞%"
"1071","Greasy Luck","Glaive","Rapid-Fire Glaive","0.02%","∞%"
"1072","Redback-5si","Sidearm","Lightweight Frame","0.02%","∞%"
"1073","Reckless Oracle","Auto Rifle","Rapid-Fire Frame","0.02%","∞%"
"1074","Tempered Dynamo","Fusion Rifle","Aggressive Frame","0.02%","∞%"
"1075","The Messenger (Adept)","Pulse Rifle","High-Impact Frame","0.02%","∞%"
"1076","Burden of Guilt","Fusion Rifle","Adaptive Frame","0.02%","∞%"
"1077","The Hero's Burden","Submachine Gun","Adaptive Frame","0.02%","∞%"
"1078","Timelines' Vertex","Fusion Rifle","Adaptive Frame","0.02%","∞%"
"1079","Scathelocke","Auto Rifle","Adaptive Frame","0.02%","∞%"
"1080","Mindbender's Ambition","Shotgun","Aggressive Frame","0.02%","∞%"
"1081","Pre Astyanax IV (Adept)","Combat Bow","Precision Frame","0.02%","∞%"
"1082","Edge of Action","Glaive","Edge of Action","0.02%","∞%"
"1083","Brass Attacks","Sidearm","Heavy Burst","0.02%","∞%"
"1084","Abyss Defiant (Adept)","Auto Rifle","High-Impact Frame","0.02%","∞%"
"1085","Biting Winds","Combat Bow","Precision Frame","0.02%","∞%"
"1086","Jararaca-3sr","Scout Rifle","Rapid-Fire Frame","0.02%","∞%"
"1087","Tatara Gaze","Sniper Rifle","Aggressive Frame","0.02%","∞%"
"1088","Hoosegow","Rocket Launcher","Adaptive Frame","0.02%","∞%"
"1089","Briar's Contempt (Adept)","Linear Fusion Rifle","Adaptive Burst","0.02%","∞%"
"1090","Forbearance","Grenade Launcher","Wave Frame","0.02%","∞%"
"1091","Abide the Return","Sword","Adaptive Frame","0.02%","∞%"
"1092","Acosmic","Grenade Launcher","Rapid-Fire Frame","0.02%","∞%"
"1093","Unwavering Duty","Machine Gun","Adaptive Frame","0.02%","∞%"
"1094","Nature of the Beast","Hand Cannon","Precision Frame","0.02%","∞%"
"1095","Bug-Out Bag","Submachine Gun","Adaptive Frame","0.02%","∞%"
"1096","THE SWARM (Adept)","Machine Gun","High-Impact Frame","0.02%","∞%"
"1097","Death's Razor","Sword","Vortex Frame","0.02%","∞%"
"1098","Sleepless","Rocket Launcher","High-Impact Frame","0.02%","∞%"
"1099","The Showrunner","Submachine Gun","Lightweight Frame","0.02%","∞%"
"1100","Twilight Oath","Sniper Rifle","Rapid-Fire Frame","0.02%","∞%"
"1101","Ignition Code","Grenade Launcher","Lightweight Frame","0.02%","∞%"
"1102","Judgment (Adept)","Hand Cannon","Adaptive Frame","0.02%","∞%"
"1103","Friction Fire","Submachine Gun","Precision Frame","0.02%","∞%"
"1104","Stay Frosty","Pulse Rifle","Lightweight Frame","0.02%","∞%"
"1105","Liminal Vigil","Sidearm","Heavy Burst","0.02%","∞%"
"1106","Far Future","Sniper Rifle","Adaptive Frame","0.02%","∞%"
"1107","Point of the Stag","Combat Bow","Precision Frame","0.02%","∞%"
"1108","Shadow Price (Adept)","Auto Rifle","Precision Frame","0.02%","∞%"
"1109","A Sudden Death","Shotgun","Aggressive Frame","0.02%","∞%"
"1110","Cold Front","Submachine Gun","Aggressive Frame","0.02%","∞%"
"1111","Wild Style","Grenade Launcher","Double Fire","0.02%","∞%"
"1112","Beloved","Sniper Rifle","Adaptive Frame","0.02%","∞%"
"1113","Randy's Throwing Knife","Scout Rifle","Rapid-Fire Frame","0.02%","∞%"
"1114","Heretic","Rocket Launcher","Aggressive Frame","0.02%","∞%"
"1115","Word of Crota (Adept)","Hand Cannon","Precision Frame","0.02%","∞%"
"1116","The Long Walk","Sniper Rifle","Aggressive Frame","0.02%","∞%"
"1117","Horror's Least (Adept)","Pulse Rifle","Rapid-Fire Frame","0.02%","∞%"
"1118","Zealot's Reward","Fusion Rifle","Rapid-Fire Frame","0.02%","∞%"
"1119","Greasy Luck","Glaive","Rapid-Fire Glaive","0.02%","∞%"
"1120","THE SWARM","Machine Gun","High-Impact Frame","0.02%","∞%"
"1121","Qullim's Terminus (Harrowed)","Machine Gun","High-Impact Frame","0.02%","∞%"
"1122","Afterlight (Adept)","Fusion Rifle","Adaptive Frame","0.02%","∞%"
"1123","Hollow Words","Fusion Rifle","Precision Frame","0.02%","∞%"
"1124","BrayTech Werewolf","Auto Rifle","Precision Frame","0.02%","∞%"
"1125","Forbearance (Adept)","Grenade Launcher","Wave Frame","0.02%","∞%"
"1126","Duty Bound (Adept)","Auto Rifle","Adaptive Frame","0.02%","∞%"
"1127","Edge of Concurrence","Glaive","Edge of Concurrence","0.02%","∞%"
"1128","Hush","Combat Bow","Precision Frame","0.02%","∞%"
"1129","Shepherd's Watch","Sniper Rifle","Adaptive Frame","0.02%","∞%"
"1130","Forgiveness (Adept)","Sidearm","Heavy Burst","0.02%","∞%"
"1131","Incisor","Trace Rifle","Adaptive Frame","0.02%","∞%"
"1132","Cold Denial","Pulse Rifle","High-Impact Frame","0.02%","∞%"
"1133","Belisarius-D","Pulse Rifle","Aggressive Burst","0.02%","∞%"
"1134","Koraxis's Distress (Adept)","Grenade Launcher","Rapid-Fire Frame","0.02%","∞%"
"1135","Unexpected Resurgence","Glaive","Adaptive Glaive","0.02%","∞%"
"1136","Cusp Sempiternal","Auto Rifle","Support Frame","0.02%","∞%"
"1137","Sole Survivor","Sniper Rifle","Adaptive Frame","0.02%","∞%"
"1138","Astral Horizon","Shotgun","Aggressive Frame","0.02%","∞%"
"1139","Doom of Chelchis (Harrowed)","Scout Rifle","Precision Frame","0.02%","∞%"
"1140","PLUG ONE.1","Fusion Rifle","Precision Frame","0.02%","∞%"
"1141","Prosecutor","Auto Rifle","Precision Frame","0.02%","∞%"
"1142","Jurassic Green","Pulse Rifle","Rapid-Fire Frame","0.02%","∞%"
"1143","Relentless (Adept)","Pulse Rifle","High-Impact Frame","0.02%","∞%"
"1144","Heretic's Fervor","Rocket Launcher","Aggressive Frame","0.02%","∞%"
"1145","Bonechiller","Shotgun","Pinpoint Slug Frame","0.02%","∞%"
"1146","Corsair's Wrath","Linear Fusion Rifle","Precision Frame","0.02%","∞%"
"1147","Hailing Confusion","Pulse Rifle","Adaptive Frame","0.02%","∞%"
"1148","Blasphemer","Shotgun","Pinpoint Slug Frame","0.02%","∞%"
"1149","Optative","Hand Cannon","Precision Frame","0.02%","∞%"
"1150","Accrued Redemption","Combat Bow","Precision Frame","0.02%","∞%"
"1151","Crowd Pleaser","Grenade Launcher","Adaptive Frame","0.02%","∞%"
"1152","Trinary System","Fusion Rifle","Adaptive Frame","0.02%","∞%"
"1153","A Sudden Death","Shotgun","Aggressive Frame","0.02%","∞%"
"1154","Phoneutria Fera","Hand Cannon","Spread Shot","0.02%","∞%"
"1155","Fang of Ir Yût (Adept)","Scout Rifle","Rapid-Fire Frame","0.02%","∞%"
"1156","Swordbreaker (Adept)","Shotgun","Lightweight Frame","0.02%","∞%"
"1157","Bane of Sorrow","Machine Gun","High-Impact Frame","0.02%","∞%"
"1158","Hollow Words","Fusion Rifle","Precision Frame","0.02%","∞%"
"1159","Reckless Oracle","Auto Rifle","Rapid-Fire Frame","0.02%","∞%"
"1160","The Fool's Remedy","Sidearm","Rapid-Fire Frame","0.02%","∞%"
"1161","Mechabre","Sniper Rifle","Aggressive Frame","0.02%","∞%"
"1162","Double-Edged Answer","Sword","Adaptive Frame","0.02%","∞%"
"1163","Distant Tumulus","Sniper Rifle","Rapid-Fire Frame","0.02%","∞%"
"1164","Prophet of Doom","Shotgun","Precision Frame","0.02%","∞%"
"1165","Eye of Sol (Adept)","Sniper Rifle","Adaptive Frame","0.02%","∞%"
"1166","Defiance of Yasmin (Harrowed)","Sniper Rifle","Adaptive Frame","0.02%","∞%"
"1167","Honor's Edge","Sword","Adaptive Frame","0.02%","∞%"
"1168","Pre Astyanax IV (Adept)","Combat Bow","Precision Frame","0.02%","∞%"
"1169","Negative Space","Sword","Adaptive Frame","0.02%","∞%"
"1170","The Keening","Sidearm","Adaptive Frame","0.02%","∞%"
"1171","Psychopomp (Adept)","Grenade Launcher","Area Denial Frame","0.02%","∞%"
"1172","PLUG ONE.1","Fusion Rifle","Precision Frame","0.02%","∞%"
"1173","Oversoul Edict (Adept)","Pulse Rifle","Rapid-Fire Frame","0.02%","∞%"
"1174","Terminus Horizon","Machine Gun","High-Impact Frame","0.02%","∞%"
"1175","The Prophet (Adept)","Scout Rifle","Aggressive Frame","0.02%","∞%"
"1176","Swarm of the Raven","Grenade Launcher","Rapid-Fire Frame","0.02%","∞%"
"1177","Forgiveness","Sidearm","Heavy Burst","0.02%","∞%"
"1178","Last Man Standing","Shotgun","Aggressive Frame","0.02%","∞%"
"1179","Astral Horizon","Shotgun","Aggressive Frame","0.02%","∞%"
"1180","Autumn Wind","Pulse Rifle","Rapid-Fire Frame","0.02%","∞%"
"1181","Lubrae's Ruin (Adept)","Glaive","Adaptive Glaive","0.02%","∞%"
"1182","Crux Celeritas IV","Rocket Launcher","Aggressive Frame","0.02%","∞%"
"1183","The Wizened Rebuke","Fusion Rifle","High-Impact Frame","0.02%","∞%"
"1184","Steel Sybil Z-14","Sword","Adaptive Frame","0.02%","∞%"
"1185","Crowning Duologue","Rocket Launcher","Precision Frame","0.02%","∞%"
"1186","The Forward Path","Auto Rifle","Adaptive Frame","0.02%","∞%"
"1187","Synanceia","Sword","Wave Sword Frame","0.02%","∞%"
"1188","Bite of the Fox","Sniper Rifle","Aggressive Frame","0.02%","∞%"
"1189","Peacebond","Sidearm","Adaptive Burst","0.02%","∞%"
"1190","Tigerspite","Auto Rifle","Precision Frame","0.02%","∞%"
"1191","Spare Rations","Hand Cannon","Adaptive Frame","0.02%","∞%"
"1192","Zaouli's Bane","Hand Cannon","Adaptive Frame","0.02%","∞%"
"1193","Albedo Wing","Glaive","Aggressive Glaive","0.02%","∞%"
"1194","Insidious (Adept)","Pulse Rifle","Aggressive Burst","0.02%","∞%"
"1195","Wishbringer","Shotgun","Rapid-Fire Frame","0.02%","∞%"
"1196","Anamnesis (Adept)","Combat Bow","Lightweight Frame","0.02%","∞%"
"1197","Claws of the Wolf","Pulse Rifle","Rapid-Fire Frame","0.02%","∞%"
"1198","Royal Chase","Scout Rifle","Precision Frame","0.02%","∞%"
"1199","Hung Jury SR4","Scout Rifle","Precision Frame","0.02%","∞%"
"1200","Division (Adept)","Sidearm","Heavy Burst","0.02%","∞%"
"1201","Eyes Unveiled (Adept)","Linear Fusion Rifle","Precision Frame","0.02%","∞%"
"1202","Thermal Erosion","Machine Gun","Rapid-Fire Frame","0.02%","∞%"
"1203","Horror's Least","Pulse Rifle","Rapid-Fire Frame","0.02%","∞%"
"1204","Hung Jury SR4","Scout Rifle","Precision Frame","0.02%","∞%"
"1205","Something New","Hand Cannon","Aggressive Frame","0.02%","∞%"
"1206","Silicon Neuroma (Adept)","Sniper Rifle","Aggressive Frame","0.02%","∞%"
"1207","Out of Bounds","Submachine Gun","Lightweight Frame","0.02%","∞%"
"1208","The Time-Worn Spire","Pulse Rifle","Rapid-Fire Frame","0.02%","∞%"
"1209","Berenger's Memory","Grenade Launcher","Rapid-Fire Frame","0.02%","∞%"
"1210","New Pacific Epitaph","Grenade Launcher","Wave Frame","0.02%","∞%"
"1211","Uzume RR4 (Adept)","Sniper Rifle","Adaptive Frame","0.02%","∞%"
"1212","Better Devils","Hand Cannon","Adaptive Frame","0.02%","∞%"
"1213","Nation of Beasts","Hand Cannon","Adaptive Frame","0.02%","∞%"
"1214","Bygones","Pulse Rifle","Adaptive Frame","0.02%","∞%"
"1215","Horror Story","Auto Rifle","Precision Frame","0.02%","∞%"
"1216","Warden's Law","Hand Cannon","Heavy Burst","0.02%","∞%"
"1217","Pure Poetry","Hand Cannon","Aggressive Frame","0.02%","∞%"
"1218","Abyssal Edge (Adept)","Sword","Wave Sword Frame","0.02%","∞%"
"1219","Mykel's Reverence (Adept)","Sidearm","Rapid-Fire Frame","0.02%","∞%"
"1220","The Supremacy","Sniper Rifle","Rapid-Fire Frame","0.02%","∞%"
"1221","New Pacific Epitaph (Adept)","Grenade Launcher","Wave Frame","0.02%","∞%"
"1222","Apostate","Sniper Rifle","Rapid-Fire Frame","0.02%","∞%"
"1223","Duty Bound","Auto Rifle","Adaptive Frame","0.02%","∞%"
"1224","Sola's Scar (Adept)","Sword","Caster Frame","0.02%","∞%"
"1225","Bite of the Fox","Sniper Rifle","Aggressive Frame","0.02%","∞%"
"1226","D.F.A. (Adept)","Hand Cannon","Adaptive Frame","0.02%","∞%"
"1227","Shadow Price","Auto Rifle","Precision Frame","0.02%","∞%"
"1228","The Summoner (Adept)","Auto Rifle","Adaptive Frame","0.02%","∞%"
"1229","Edge of Intent","Glaive","Edge of Intent","0.02%","∞%"
"1230","Arc Logic","Auto Rifle","Adaptive Frame","0.02%","∞%"
"1231","Zephyr","Sword","Adaptive Frame","0.01%","∞%"
"1232","Survivor's Epitaph","Hand Cannon","Precision Frame","0.01%","∞%"
"1233","IKELOS_HC_v1.0.2","Hand Cannon","Precision Frame","0.01%","∞%"
"1234","Toil and Trouble","Shotgun","Aggressive Frame","0.01%","∞%"
"1235","A Sudden Death","Shotgun","Aggressive Frame","0.01%","∞%"
"1236","Astral Horizon (Adept)","Shotgun","Aggressive Frame","0.01%","∞%"
"1237","The Keening","Sidearm","Adaptive Frame","0.01%","∞%"
"1238","The Guiding Sight","Scout Rifle","High-Impact Frame","0.01%","∞%"
"1239","Albedo Wing","Glaive","Aggressive Glaive","0.01%","∞%"
"1240","Dust Rock Blues","Shotgun","Precision Frame","0.01%","∞%"
"1241","Synanceia","Sword","Wave Sword Frame","0.01%","∞%"
"1242","Pre Astyanax IV","Combat Bow","Precision Frame","0.01%","∞%"
"1243","Nightshade","Pulse Rifle","Lightweight Frame","0.01%","∞%"
"1244","Buzzard","Sidearm","Adaptive Frame","0.01%","∞%"
"1245","Nessa's Oblation (Adept)","Shotgun","Pinpoint Slug Frame","0.01%","∞%"
"1246","Judgment","Hand Cannon","Adaptive Frame","0.01%","∞%"
"1247","Hung Jury SR4 (Adept)","Scout Rifle","Precision Frame","0.01%","∞%"
"1248","Frozen Orbit","Sniper Rifle","Aggressive Frame","0.01%","∞%"
"1249","Gunnora's Axe","Shotgun","Pinpoint Slug Frame","0.01%","∞%"
"1250","Shadow Price","Auto Rifle","Precision Frame","0.01%","∞%"
"1251","Abide the Return","Sword","Adaptive Frame","0.01%","∞%"
"1252","Blast Furnace","Pulse Rifle","Aggressive Burst","0.01%","∞%"
"1253","Redrix's Broadsword","Pulse Rifle","High-Impact Frame","0.01%","∞%"
"1254","Jurassic Green","Pulse Rifle","Rapid-Fire Frame","0.01%","∞%"
"1255","Allied Demand","Sidearm","Adaptive Frame","0.01%","∞%"
"1256","Apex Predator","Rocket Launcher","Adaptive Frame","0.01%","∞%"
"1257","Vision of Confluence (Timelost)","Scout Rifle","Precision Frame","0.01%","∞%"
"1258","Jorum's Claw","Pulse Rifle","Adaptive Frame","0.01%","∞%"
"1259","Incisor (Adept)","Trace Rifle","Adaptive Frame","0.01%","∞%"
"1260","Unwavering Duty (Adept)","Machine Gun","Adaptive Frame","0.01%","∞%"
"1261","Judgment","Hand Cannon","Adaptive Frame","0.01%","∞%"
"1262","Wendigo GL3 (Adept)","Grenade Launcher","Adaptive Frame","0.01%","∞%"
"1263","Mirror Imago","Submachine Gun","Adaptive Frame","0.01%","∞%"
"1264","Albruna-D","Sniper Rifle","Aggressive Frame","0.01%","∞%"
"1265","A Swift Verdict","Sidearm","Precision Frame","0.01%","∞%"
"1266","Midha's Reckoning (Harrowed)","Fusion Rifle","High-Impact Frame","0.01%","∞%"
"1267","Eye of Sol (Adept)","Sniper Rifle","Adaptive Frame","0.01%","∞%"
"1268","High Albedo","Sidearm","Adaptive Burst","0.01%","∞%"
"1269","BrayTech Werewolf","Auto Rifle","Precision Frame","0.01%","∞%"
"1270","Red Tape","Scout Rifle","Lightweight Frame","0.01%","∞%"
"1271","Shining Sphere","Rocket Launcher","Adaptive Frame","0.01%","∞%"
"1272","THE SWARM","Machine Gun","High-Impact Frame","0.01%","∞%"
"1273","Point of the Stag","Combat Bow","Precision Frame","0.01%","∞%"
"1274","Hung Jury SR4","Scout Rifle","Precision Frame","0.01%","∞%"
"1275","Retrofuturist","Shotgun","Lightweight Frame","0.01%","∞%"
"1276","Trust","Hand Cannon","Precision Frame","0.01%","∞%"
"1277","Kindled Orchid","Hand Cannon","Adaptive Frame","0.01%","∞%"
"1278","Omniscient Eye","Sniper Rifle","Rapid-Fire Frame","0.01%","∞%"
"1279","Imminence (Adept)","Submachine Gun","Lightweight Frame","0.01%","∞%"
"1280","Arctic Haze","Auto Rifle","Rapid-Fire Frame","0.01%","∞%"
"1281","Enigma's Draw","Sidearm","Precision Frame","0.01%","∞%"
"1282","Romantic Death","Grenade Launcher","Wave Frame","0.01%","∞%"
"1283","Eye of Sol (Adept)","Sniper Rifle","Adaptive Frame","0.01%","∞%"
"1284","Orewing's Maul","Grenade Launcher","Lightweight Frame","0.01%","∞%"
"1285","Mindbender's Ambition","Shotgun","Aggressive Frame","0.01%","∞%"
"1286","Silicon Neuroma","Sniper Rifle","Aggressive Frame","0.01%","∞%"
"1287","BrayTech Osprey","Rocket Launcher","High-Impact Frame","0.01%","∞%"
"1288","Chattering Bone","Pulse Rifle","Lightweight Frame","0.01%","∞%"
"1289","Aisha's Embrace (Adept)","Scout Rifle","Rapid-Fire Frame","0.01%","∞%"
"1290","Ribbontail","Trace Rifle","Adaptive Frame","0.01%","∞%"
"1291","Finite Impactor","Hand Cannon","Adaptive Frame","0.01%","∞%"
"1292","Undercurrent (Adept)","Grenade Launcher","Wave Frame","0.01%","∞%"
"1293","Starscape Null","Shotgun","Lightweight Frame","0.01%","∞%"
"1294","Age-Old Bond","Auto Rifle","High-Impact Frame","0.01%","∞%"
"1295","The Ever-Present","Grenade Launcher","Rapid-Fire Frame","0.01%","∞%"
"1296","Unexpected Resurgence (Adept)","Glaive","Adaptive Glaive","0.01%","∞%"
"1297","Burden of Guilt (Adept)","Fusion Rifle","Adaptive Frame","0.01%","∞%"
"1298","Wendigo GL3","Grenade Launcher","Adaptive Frame","0.01%","∞%"
"1299","The Scholar","Scout Rifle","High-Impact Frame","0.01%","∞%"
"1300","Twilight Oath","Sniper Rifle","Rapid-Fire Frame","0.01%","∞%"
"1301","Whispering Slab","Combat Bow","Lightweight Frame","0.01%","∞%"
"1302","Duke Mk. 44","Hand Cannon","Aggressive Frame","0.01%","∞%"
"1303","The Scholar","Scout Rifle","High-Impact Frame","0.01%","∞%"
"1304","Trachinus","Shotgun","Rapid Fire Slug","0.01%","∞%"
"1305","Tyranny of Heaven","Combat Bow","Lightweight Frame","0.01%","∞%"
"1306","Dark Decider","Auto Rifle","Rapid-Fire Frame","0.01%","∞%"
"1307","Folded Root","Rocket Launcher","Aggressive Frame","0.01%","∞%"
"1308","The Guiding Sight","Scout Rifle","High-Impact Frame","0.01%","∞%"
"1309","Swarm of the Raven","Grenade Launcher","Rapid-Fire Frame","0.01%","∞%"
"1310","Nullify (Adept)","Pulse Rifle","Heavy Burst","0.01%","∞%"
"1311","Techeun Force","Fusion Rifle","Adaptive Frame","0.01%","∞%"
"1312","Warden's Law","Hand Cannon","Heavy Burst","0.01%","∞%"
"1313","Liminal Vigil","Sidearm","Heavy Burst","0.01%","∞%"
"1314","Incisor","Trace Rifle","Adaptive Frame","0.01%","∞%"
"1315","Refusal of the Call","Glaive","Adaptive Glaive","0.01%","∞%"
"1316","Long Arm","Scout Rifle","Aggressive Frame","0.01%","∞%"
"1317","Rake Angle","Glaive","Aggressive Glaive","0.01%","∞%"
"1318","Transfiguration","Scout Rifle","High-Impact Frame","0.01%","∞%"
"1319","Phoneutria Fera","Hand Cannon","Spread Shot","0.01%","∞%"
"1320","The Wizened Rebuke","Fusion Rifle","High-Impact Frame","0.01%","∞%"
"1321","Zephyr","Sword","Adaptive Frame","0.01%","∞%"
"1322","Loud Lullaby","Hand Cannon","Aggressive Frame","0.01%","∞%"
"1323","A Fine Memorial","Machine Gun","Adaptive Frame","0.01%","∞%"
"1324","Tatara Gaze","Sniper Rifle","Aggressive Frame","0.01%","∞%"
"1325","Loaded Question","Fusion Rifle","High-Impact Frame","0.01%","∞%"
"1326","Cold Front","Submachine Gun","Aggressive Frame","0.01%","∞%"
"1327","Exalted Truth (Adept)","Hand Cannon","Adaptive Frame","0.01%","∞%"
"1328","The Hero's Burden","Submachine Gun","Adaptive Frame","0.01%","∞%"
"1329","Incisor (Adept)","Trace Rifle","Adaptive Frame","0.01%","∞%"
"1330","Watchful Eye (Adept)","Machine Gun","Aggressive Frame","0.01%","∞%"
"1331","Whistler's Whim","Combat Bow","Lightweight Frame","0.01%","∞%"
"1332","Widow's Bite","Sniper Rifle","Rapid-Fire Frame","0.01%","∞%"
"1333","Deadpan Delivery","Shotgun","Aggressive Frame","0.01%","∞%"
"1334","Critical Anomaly (Adept)","Sniper Rifle","Aggressive Frame","0.01%","∞%"
"1335","D.F.A.","Hand Cannon","Adaptive Frame","0.01%","∞%"
"1336","Allied Demand","Sidearm","Adaptive Frame","0.01%","∞%"
"1337","Eye of Sol","Sniper Rifle","Adaptive Frame","0.01%","∞%"
"1338","Zephyr","Sword","Adaptive Frame","0.01%","∞%"
"1339","Go Figure","Pulse Rifle","Aggressive Burst","0.01%","∞%"
"1340","Unwavering Duty (Adept)","Machine Gun","Adaptive Frame","0.01%","∞%"
"1341","Play of the Game","Grenade Launcher","Adaptive Frame","0.01%","∞%"
"1342","Exile's Curse","Fusion Rifle","High-Impact Frame","0.01%","∞%"
"1343","Erentil FR4","Fusion Rifle","High-Impact Frame","0.01%","∞%"
"1344","Temporal Clause","Machine Gun","Rapid-Fire Frame","0.01%","∞%"
"1345","Horror's Least","Pulse Rifle","Rapid-Fire Frame","0.01%","∞%"
"1346","Every Waking Moment","Submachine Gun","Precision Frame","0.01%","∞%"
"1347","Austringer","Hand Cannon","Adaptive Frame","0.01%","∞%"
"1348","Persuader","Sniper Rifle","Rapid-Fire Frame","0.01%","∞%"
"1349","Riiswalker","Shotgun","Lightweight Frame","0.01%","∞%"
"1350","Summum Bonum (Adept)","Sword","Wave Sword Frame","0.01%","∞%"
"1351","The Guiding Sight","Scout Rifle","High-Impact Frame","0.01%","∞%"
"1352","Division","Sidearm","Heavy Burst","0.01%","∞%"
"1353","Anamnesis","Combat Bow","Lightweight Frame","0.01%","∞%"
"1354","The Old Fashioned","Hand Cannon","Adaptive Frame","0.01%","∞%"
"1355","Uzume RR4","Sniper Rifle","Adaptive Frame","0.01%","∞%"
"1356","Better Devils","Hand Cannon","Adaptive Frame","0.01%","∞%"
"1357","Trachinus","Shotgun","Rapid Fire Slug","0.01%","∞%"
"1358","Spoiler Alert","Sidearm","Lightweight Frame","0.01%","∞%"
"1359","Psychopomp (Adept)","Grenade Launcher","Area Denial Frame","0.01%","∞%"
"1360","The Militia's Birthright","Grenade Launcher","Lightweight Frame","0.01%","∞%"
"1361","Zephyr","Sword","Adaptive Frame","0.01%","∞%"
"1362","Premonition","Pulse Rifle","High-Impact Frame","0.01%","∞%"
"1363","Afterlight","Fusion Rifle","Adaptive Frame","0.01%","∞%"
"1364","Martyr's Retribution","Grenade Launcher","Wave Frame","0.01%","∞%"
"1365","Abyssal Edge","Sword","Wave Sword Frame","0.01%","∞%"
"1366","Refusal of the Call (Adept)","Glaive","Adaptive Glaive","0.01%","∞%"
"1367","Night Terror","Sword","Adaptive Frame","0.01%","∞%"
"1368","The Militia's Birthright (Adept)","Grenade Launcher","Lightweight Frame","0.01%","∞%"
"1369","The Inquisitor","Shotgun","Pinpoint Slug Frame","0.01%","∞%"
"1370","Parcel of Stardust","Shotgun","Lightweight Frame","0.01%","∞%"
"1371","Exalted Truth","Hand Cannon","Adaptive Frame","0.01%","∞%"
"1372","Coriolis Force","Fusion Rifle","Aggressive Frame","0.01%","∞%"
"1373","Ribbontail","Trace Rifle","Adaptive Frame","0.01%","∞%"
"1374","Subtle Calamity","Combat Bow","Precision Frame","0.01%","∞%"
"1375","The Militia's Birthright","Grenade Launcher","Lightweight Frame","0.01%","∞%"
"1376","Crimil's Dagger","Hand Cannon","Aggressive Frame","0.01%","∞%"
"1377","Whistler's Whim (Adept)","Combat Bow","Lightweight Frame","0.01%","∞%"
"1378","The Comedian","Shotgun","Aggressive Frame","0.01%","∞%"
"1379","Patron of Lost Causes","Scout Rifle","Lightweight Frame","0.01%","∞%"
"1380","Undercurrent","Grenade Launcher","Wave Frame","0.01%","∞%"
"1381","The Ringing Nail","Auto Rifle","Precision Frame","0.01%","∞%"
"1382","Riiswalker","Shotgun","Lightweight Frame","0.01%","∞%"
"1383","Phoneutria Fera","Hand Cannon","Spread Shot","0.01%","∞%"
"1384","Edge Transit","Grenade Launcher","Adaptive Frame","0.01%","∞%"
"1385","Steelfeather Repeater","Auto Rifle","Rapid-Fire Frame","0.01%","∞%"
"1386","Mindbender's Ambition","Shotgun","Aggressive Frame","0.01%","∞%"
"1387","Non-Denouement (Adept)","Combat Bow","Precision Frame","0.01%","∞%"
"1388","Something New","Hand Cannon","Aggressive Frame","0.01%","∞%"
"1389","Claws of the Wolf","Pulse Rifle","Rapid-Fire Frame","0.01%","∞%"
"1390","Mindbender's Ambition","Shotgun","Aggressive Frame","0.01%","∞%"
"1391","Scintillation","Linear Fusion Rifle","Adaptive Burst","0.01%","∞%"
"1392","Talons of the Eagle","Scout Rifle","High-Impact Frame","0.01%","∞%"
"1393","Eye of Sol","Sniper Rifle","Adaptive Frame","0.01%","∞%"
"1394","Adamantite (Adept)","Auto Rifle","Support Frame","0.01%","∞%"
"1395","Last Hope","Sidearm","Adaptive Burst","0.01%","∞%"
"1396","Zenobia-D","Rocket Launcher","Precision Frame","0.01%","∞%"
"1397","Breachlight","Sidearm","Heavy Burst","0.01%","∞%"
"1398","The Comedian (Adept)","Shotgun","Aggressive Frame","0.01%","∞%"
"1399","Tranquility","Sniper Rifle","Adaptive Frame","0.01%","∞%"
"1400","The Inquisitor (Adept)","Shotgun","Pinpoint Slug Frame","0.01%","∞%"
"1401","Ribbontail","Trace Rifle","Adaptive Frame","0.01%","∞%"
"1402","Exalted Truth (Adept)","Hand Cannon","Adaptive Frame","0.01%","∞%"
"1403","Crooked Fang-4fr","Linear Fusion Rifle","Precision Frame","0.01%","∞%"
"1404","Perfect Paradox","Shotgun","Rapid-Fire Frame","0.01%","∞%"
"1405","Stay Frosty","Pulse Rifle","Lightweight Frame","0.01%","∞%"
"1406","Shadow Price","Auto Rifle","Precision Frame","0.01%","∞%"
"1407","Cold Front","Submachine Gun","Aggressive Frame","0.01%","∞%"
"1408","Whistler's Whim (Adept)","Combat Bow","Lightweight Frame","0.01%","∞%"
"1409","Stryker's Sure-Hand","Sword","Adaptive Frame","0.01%","∞%"
"1410","Trachinus","Shotgun","Rapid Fire Slug","0.01%","∞%"
"1411","Compass Rose","Shotgun","Precision Frame","0.01%","∞%"
"1412","Misfit","Auto Rifle","Rapid-Fire Frame","0.01%","∞%"
"1413","Forthcoming Deviance (Adept)","Glaive","Rapid-Fire Glaive","0.01%","∞%"
"1414","Hardline Cut","Sword","Adaptive Frame","0.01%","∞%"
"1415","Refusal of the Call (Adept)","Glaive","Adaptive Glaive","0.01%","∞%"
"1416","Hardline Cut","Sword","Adaptive Frame","0.01%","∞%"
"1417","Mos Epoch III","Rocket Launcher","Aggressive Frame","0.01%","∞%"
"1418","Abyssal Edge (Adept)","Sword","Wave Sword Frame","0.01%","∞%"
"1419","Frontier's Cry","Hand Cannon","Precision Frame","0.01%","∞%"
"1420","Mirror Imago (Adept)","Submachine Gun","Adaptive Frame","0.01%","∞%"
"1421","The Inquisitor","Shotgun","Pinpoint Slug Frame","0.01%","∞%"
"1422","Synanceia","Sword","Wave Sword Frame","0.01%","∞%"
"1423","Action Item","Trace Rifle","Adaptive Frame","0.01%","∞%"
"1424","No Survivors (Adept)","Submachine Gun","Aggressive Frame","0.01%","∞%"
"1425","Hardline Cut","Sword","Adaptive Frame","0.01%","∞%"
"1426","Eyes Unveiled (Adept)","Linear Fusion Rifle","Precision Frame","0.01%","∞%"
"1427","Trophy Hunter","Sniper Rifle","Aggressive Frame","0.01%","∞%"
"1428","The Spiteful Fang","Combat Bow","Lightweight Frame","0.01%","∞%"
"1429","Action Item","Trace Rifle","Adaptive Frame","0.01%","∞%"
"1430","Undercurrent","Grenade Launcher","Wave Frame","0.01%","∞%"
"1431","Cold Comfort (Adept)","Rocket Launcher","Aggressive Frame","0.01%","∞%"
"1432","Sixth Sense","Hand Cannon","Aggressive Frame","0.01%","∞%"
"1433","Whistler's Whim","Combat Bow","Lightweight Frame","0.01%","∞%"
"1434","Romantic Death","Grenade Launcher","Wave Frame","0.01%","∞%"
"1435","No Feelings","Scout Rifle","Precision Frame","0.01%","∞%"
"1436","Folded Root","Rocket Launcher","Aggressive Frame","0.01%","∞%"
"1437","Galliard-42 XN7568","Auto Rifle","Adaptive Frame","0.01%","∞%"
"1438","Service Revolver","Hand Cannon","Precision Frame","0.01%","∞%"
"1439","Afterlight (Adept)","Fusion Rifle","Adaptive Frame","0.01%","∞%"
"1440","Terminus Horizon (Adept)","Machine Gun","High-Impact Frame","0.01%","∞%"
"1441","The Heron","Glaive","Aggressive Glaive","0.01%","∞%"
"1442","Sixth Sense","Hand Cannon","Aggressive Frame","0.01%","∞%"
"1443","Anamnesis (Adept)","Combat Bow","Lightweight Frame","0.01%","∞%"
"1444","Sixth Sense","Hand Cannon","Aggressive Frame","0.01%","∞%"
"1445","Allied Demand","Sidearm","Adaptive Frame","0.01%","∞%"
"1446","Pluperfect","Auto Rifle","High-Impact Frame","0.01%","∞%"
"1447","Prosecutor (Adept)","Auto Rifle","Precision Frame","0.01%","∞%"
"1448","Badlander","Shotgun","Rapid-Fire Frame","0.01%","∞%"
"1449","The Heron","Glaive","Aggressive Glaive","0.01%","∞%"
"1450","Uriel's Gift","Auto Rifle","Precision Frame","0.01%","∞%"
"1451","Hazard of the Cast","Auto Rifle","Precision Frame","0.01%","∞%"
"1452","Cold Denial","Pulse Rifle","High-Impact Frame","0.01%","∞%"
"1453","Through Fire and Flood","Grenade Launcher","Adaptive Frame","0.01%","∞%"
"1454","Division (Adept)","Sidearm","Heavy Burst","0.01%","∞%"
"1455","Fate Cries Foul","Sniper Rifle","Adaptive Frame","0.01%","∞%"
"1456","Micromort","Rocket Launcher","Precision Frame","0.01%","∞%"
"1457","Archon's Thunder","Machine Gun","High-Impact Frame","0.01%","∞%"
"1458","Micromort","Rocket Launcher","Precision Frame","0.01%","∞%"
"1459","Uzume RR4","Sniper Rifle","Adaptive Frame","0.01%","∞%"
"1460","Last Man Standing","Shotgun","Aggressive Frame","0.01%","∞%"
"1461","Hardline Cut","Sword","Adaptive Frame","0.01%","∞%"
"1462","The Wizened Rebuke","Fusion Rifle","High-Impact Frame","0.01%","∞%"
"1463","Warden's Law","Hand Cannon","Heavy Burst","0.01%","∞%"
"1464","The Militia's Birthright","Grenade Launcher","Lightweight Frame","0.01%","∞%"
"1465","Hawthorne's Field-Forged Shotgun","Shotgun","Lightweight Frame","0.01%","∞%"
"1466","Roar of the Bear","Rocket Launcher","High-Impact Frame","0.01%","∞%"
"1467","Mindbender's Ambition (Adept)","Shotgun","Aggressive Frame","0.01%","∞%"
"1468","Ribbontail","Trace Rifle","Adaptive Frame","0.01%","∞%"
"1469","Action Item","Trace Rifle","Adaptive Frame","0.01%","∞%"
"1470","Outlast","Pulse Rifle","Rapid-Fire Frame","0.01%","∞%"
"1471","Uzume RR4","Sniper Rifle","Adaptive Frame","0.01%","∞%"
"1472","Anonymous Autumn","Sidearm","Lightweight Frame","0.01%","∞%"
"1473","Sole Survivor","Sniper Rifle","Adaptive Frame","0.01%","∞%"
"1474","Love and Death","Grenade Launcher","Rapid-Fire Frame","0.01%","∞%"
"1475","Maahes HC4","Hand Cannon","Heavy Burst","0.01%","∞%"
"1476","Greasy Luck (Adept)","Glaive","Rapid-Fire Glaive","0.01%","∞%"
"1477","A Sudden Death (Adept)","Shotgun","Aggressive Frame","0.00%","∞%"
"1478","Distant Relation","Scout Rifle","Precision Frame","0.00%","∞%"
"1479","Breakneck","Auto Rifle","Precision Frame","0.00%","∞%"
"1480","One Small Step","Shotgun","Rapid-Fire Frame","0.00%","∞%"
"1481","Phoneutria Fera","Hand Cannon","Spread Shot","0.00%","∞%"
"1482","Gunnora's Axe","Shotgun","Pinpoint Slug Frame","0.00%","∞%"
"1483","Wilderflight (Adept)","Grenade Launcher","Double Fire","0.00%","∞%"
"1484","Tusk of the Boar","Grenade Launcher","Wave Frame","0.00%","∞%"
"1485","Sixth Sense","Hand Cannon","Aggressive Frame","0.00%","∞%"
"1486","Romantic Death","Grenade Launcher","Wave Frame","0.00%","∞%"
"1487","Uzume RR4","Sniper Rifle","Adaptive Frame","0.00%","∞%"
"1488","Smuggler's Word","Sidearm","Heavy Burst","0.00%","∞%"
"1489","Exalted Truth","Hand Cannon","Adaptive Frame","0.00%","∞%"
"1490","Line in the Sand","Linear Fusion Rifle","Precision Frame","0.00%","∞%"
"1491","Admetus-D","Scout Rifle","High-Impact Frame","0.00%","∞%"
"1492","Yesterday's Question","Hand Cannon","Heavy Burst","0.00%","∞%"
"1493","Optative","Hand Cannon","Precision Frame","0.00%","∞%"
"1494","Wendigo GL3","Grenade Launcher","Adaptive Frame","0.00%","∞%"
"1495","The Heron","Glaive","Aggressive Glaive","0.00%","∞%"
"1496","Folded Root","Rocket Launcher","Aggressive Frame","0.00%","∞%"
"1497","Romantic Death","Grenade Launcher","Wave Frame","0.00%","∞%"
"1498","Threat Level","Shotgun","Rapid-Fire Frame","0.00%","∞%"
"1499","Folded Root","Rocket Launcher","Aggressive Frame","0.00%","∞%"
"1500","The Militia's Birthright (Adept)","Grenade Launcher","Lightweight Frame","0.00%","∞%"
"1501","New Pacific Epitaph (Adept)","Grenade Launcher","Wave Frame","0.00%","∞%"
"1502","Judgment (Adept)","Hand Cannon","Adaptive Frame","0.00%","∞%"
"1503","Micromort","Rocket Launcher","Precision Frame","0.00%","∞%"
"1504","Liminal Vigil (Adept)","Sidearm","Heavy Burst","0.00%","∞%"
"1505","Long Arm (Adept)","Scout Rifle","Aggressive Frame","0.00%","∞%"
"1506","King Orfeo","Combat Bow","Precision Frame","0.00%","∞%"
"1507","Last Perdition","Pulse Rifle","Adaptive Frame","0.00%","∞%"
"1508","Right Side of Wrong","Pulse Rifle","Aggressive Burst","0.00%","∞%"
"1509","King Orfeo","Combat Bow","Precision Frame","0.00%","∞%"
"1510","Drang (Baroque)","Sidearm","Together Forever","0.00%","∞%"
"1511","Wendigo GL3","Grenade Launcher","Adaptive Frame","0.00%","∞%"
"1512","Patron of Lost Causes","Scout Rifle","Lightweight Frame","0.00%","∞%"
"1513","Pyroclastic Flow","Rocket Launcher","Precision Frame","0.00%","∞%"
"1514","The Hero's Burden","Submachine Gun","Adaptive Frame","0.00%","∞%"
"1515","The Cut and Run","Scout Rifle","High-Impact Frame","0.00%","∞%"
"1516","Ten Paces","Hand Cannon","Adaptive Frame","0.00%","∞%"
"1517","Bad Reputation","Submachine Gun","Precision Frame","0.00%","∞%"
"1518","Traveler's Judgment 5","Sidearm","Adaptive Burst","0.00%","∞%"
"1519","Trachinus","Shotgun","Rapid Fire Slug","0.00%","∞%"
"1520","The Long Goodbye","Sniper Rifle","Adaptive Frame","0.00%","∞%"
"1521","Ether Doctor","Auto Rifle","Adaptive Frame","0.00%","∞%"
"1522","Dream Breaker","Fusion Rifle","Adaptive Frame","0.00%","∞%"
"1523","Tomorrow's Answer (Adept)","Rocket Launcher","High-Impact Frame","0.00%","∞%"
"1524","Exile's Curse (Adept)","Fusion Rifle","High-Impact Frame","0.00%","∞%"
"1525","Antiope-D","Submachine Gun","Precision Frame","0.00%","∞%"
"1526","Insurmountable","Sidearm","Precision Frame","0.00%","∞%"
"1527","Anonymous Autumn","Sidearm","Lightweight Frame","0.00%","∞%"
"1528","Breath of the Dragon","Submachine Gun","Lightweight Frame","0.00%","∞%"
"1529","Nameless Midnight","Scout Rifle","Precision Frame","0.00%","∞%"
"1530","Tempered Dynamo","Fusion Rifle","Precision Frame","0.00%","∞%"
"1531","Fixed Odds","Machine Gun","High-Impact Frame","0.00%","∞%"
"1532","Bite of the Fox","Sniper Rifle","Aggressive Frame","0.00%","∞%"
"1533","Gahlran's Right Hand","Auto Rifle","High-Impact Frame","0.00%","∞%"
"1534","Translation Theory","Sidearm","Adaptive Frame","0.00%","∞%"
"1535","Glissando-47","Scout Rifle","Precision Frame","0.00%","∞%"
"1536","Bane of Sorrow","Machine Gun","High-Impact Frame","0.00%","∞%"
"1537","Astral Horizon (Adept)","Shotgun","Aggressive Frame","0.00%","∞%"
"1538","Relentless (Adept)","Pulse Rifle","High-Impact Frame","0.00%","∞%"
"1539","Jack Queen King 3","Hand Cannon","Adaptive Frame","0.00%","∞%"
"1540","Aurvandil FR6","Fusion Rifle","High-Impact Frame","0.00%","∞%"
"1541","Show of Force XF4865","Sniper Rifle","Aggressive Frame","0.00%","∞%"
"1542","King Orfeo","Combat Bow","Precision Frame","0.00%","∞%"
"1543","Pre Astyanax IV","Combat Bow","Precision Frame","0.00%","∞%"
"1544","CALUS Mini-Tool","Submachine Gun","MIDA Synergy","0.00%","∞%"
"1545","Swift Ride XE8375","Pulse Rifle","Adaptive Frame","0.00%","∞%"
"1546","Hard Truths","Submachine Gun","Aggressive Frame","0.00%","∞%"
"1547","Bellowing Giant","Rocket Launcher","Adaptive Frame","0.00%","∞%"
"1548","Halfdan-D","Auto Rifle","High-Impact Frame","0.00%","∞%"
"1549","Atalanta-D XG1992","Submachine Gun","Precision Frame","0.00%","∞%"
"1550","Imperial Decree","Shotgun","Aggressive Frame","0.00%","∞%"
"1551","Ogma PR6","Pulse Rifle","Lightweight Frame","0.00%","∞%"
"1552","Valakadyn","Auto Rifle","Rapid-Fire Frame","0.00%","∞%"
"1553","The Inquisitor (Adept)","Shotgun","Pinpoint Slug Frame","0.00%","∞%"
"1554","Bad News XF4354","Hand Cannon","Aggressive Frame","0.00%","∞%"
"1555","Dead Man Walking XX7463","Sidearm","Rapid-Fire Frame","0.00%","∞%"
"1556","Does Not Compute","Scout Rifle","High-Impact Frame","0.00%","∞%"
"1557","Pillager","Submachine Gun","Lightweight Frame","0.00%","∞%"
"1558","Trackless Waste","Submachine Gun","Adaptive Frame","0.00%","∞%"
"1559","Elatha FR4","Fusion Rifle","High-Impact Frame","0.00%","∞%"
"1560","Imperative","Scout Rifle","High-Impact Frame","0.00%","∞%"
"1561","Adhortative","Pulse Rifle","Adaptive Frame","0.00%","∞%"
"1562","Buzzard","Sidearm","Adaptive Frame","0.00%","∞%"
"1563","Dreaded Venture","Sniper Rifle","Aggressive Frame","0.00%","∞%"
"1564","Nightshade","Pulse Rifle","Lightweight Frame","0.00%","∞%"
"1565","Live Fire","Scout Rifle","Precision Frame","0.00%","∞%"
"1566","Emperor's Courtesy","Shotgun","Lightweight Frame","0.00%","∞%"
"1567","Persuader","Sniper Rifle","Rapid-Fire Frame","0.00%","∞%"
"1568","Lonesome","Sidearm","Precision Frame","0.00%","∞%"
"1569","Subjunctive","Submachine Gun","Lightweight Frame","0.00%","∞%"
"1570","Tango-45 XK5094","Scout Rifle","Precision Frame","0.00%","∞%"
"1571","Hoosegow XE5837","Rocket Launcher","Adaptive Frame","0.00%","∞%"
"1572","PLUG ONE.1","Fusion Rifle","Precision Frame","0.00%","∞%"
"1573","Gallant Charge","Fusion Rifle","High-Impact Frame","0.00%","∞%"
"1574","Thin Line","Hand Cannon","Aggressive Frame","0.00%","∞%"
"1575","Baligant XU7743","Shotgun","Aggressive Frame","0.00%","∞%"
"1576","Herod-C","Auto Rifle","High-Impact Frame","0.00%","∞%"
"1577","Ded Gramarye IV","Shotgun","Lightweight Frame","0.00%","∞%"
"1578","Warden's Law","Hand Cannon","Heavy Burst","0.00%","∞%"
"1579","Night Watch","Scout Rifle","Lightweight Frame","0.00%","∞%"
"1580","Black Scorpion-4sr","Scout Rifle","Rapid-Fire Frame","0.00%","∞%"
"1581","Bug-Out Bag","Submachine Gun","Adaptive Frame","0.00%","∞%"
"1582","Acantha-D XK8434","Grenade Launcher","Rapid-Fire Frame","0.00%","∞%"
"1583","Good Bone Structure","Shotgun","Pinpoint Slug Frame","0.00%","∞%"
"1584","Origin Story","Auto Rifle","Precision Frame","0.00%","∞%"
"1585","Reed's Regret","Linear Fusion Rifle","Precision Frame","0.00%","∞%"
"1586","The Last Dance","Sidearm","Adaptive Burst","0.00%","∞%"
"1587","Infinite Paths 8","Pulse Rifle","Lightweight Frame","0.00%","∞%"
"1588","Fortissimo-11","Shotgun","Pinpoint Slug Frame","0.00%","∞%"
"1589","Wild Style","Grenade Launcher","Double Fire","0.00%","∞%"
"1590","Wrong Side of Right","Scout Rifle","High-Impact Frame","0.00%","∞%"
"1591","Calusea Noblesse","Scout Rifle","High-Impact Frame","0.00%","∞%"
"1592","Backfang","Glaive","Rapid-Fire Glaive","0.00%","∞%"
"1593","Elegy-49","Sniper Rifle","Adaptive Frame","0.00%","∞%"
"1594","The Epicurean","Fusion Rifle","Precision Frame","0.00%","∞%"
"1595","Loaded Question","Fusion Rifle","High-Impact Frame","0.00%","∞%"
"1596","Cruel Mercy","Pulse Rifle","Heavy Burst","0.00%","∞%"
"1597","Doomsday","Grenade Launcher","Adaptive Frame","0.00%","∞%"
"1598","Just in Case","Sword","Adaptive Frame","0.00%","∞%"
"1599","Proelium FR3","Fusion Rifle","Rapid-Fire Frame","0.00%","∞%"
"1600","Eystein-D","Pulse Rifle","High-Impact Frame","0.00%","∞%"
"1601","Pribina-D","Hand Cannon","Aggressive Frame","0.00%","∞%"
"1602","The Third Axiom","Pulse Rifle","Adaptive Frame","0.00%","∞%"
"1603","The Scholar (Adept)","Scout Rifle","High-Impact Frame","0.00%","∞%"
"1604","Crown-Splitter","Sword","Aggressive Frame","0.00%","∞%"
"1605","Spoiler Alert","Sidearm","Lightweight Frame","0.00%","∞%"
"1606","Bottom Dollar","Hand Cannon","Aggressive Frame","0.00%","∞%"
"1607","Laser Painter","Linear Fusion Rifle","Precision Frame","0.00%","∞%"
"1608","Xenoclast IV","Shotgun","Lightweight Frame","0.00%","∞%"
"1609","Quickfang","Sword","Lightweight Frame","0.00%","∞%"
"1610","Retrofuturist","Shotgun","Lightweight Frame","0.00%","∞%"
"1611","Yesteryear","Pulse Rifle","Adaptive Frame","0.00%","∞%"
"1612","Empty Vessel","Grenade Launcher","Lightweight Frame","0.00%","∞%"
"1613","Eternity's Edge","Sword","Vortex Frame","0.00%","∞%"
"1614","Goldtusk","Sword","Lightweight Frame","0.00%","∞%"
"1615","Throne-Cleaver","Sword","Aggressive Frame","0.00%","∞%"
"1616","Death's Razor","Sword","Adaptive Frame","0.00%","∞%"
